Workbook

Sheet ANALİZ
AY1: Sorting numbers from largest to smallest
AO2: Parameters
G3: HORSE RACES RESULT | L3: JOKEY RACES RESULT | Q3: FATHER RACES RESULT | V3: MOTHER RAC ES RESULT | AA3: MOTHER'S FATHER RACES RESULT | AF3: 0.3 | AG3: 0.15 | AO3: 45 | AP3: 35 | AQ3: 8 | AR3: 6 | AS3: 2 | AT3: 5 | AU3: 5 | AV3: 10
B4: RACING BREED | C4: WEIGHT | D4: EARNING | E4: AVERAGE PER RACE | F4: RACE QUANTITY | G4: TOPLAM | H4: 1. | I4: 2. | J4: 3. | K4: 4. | L4: TOPLAM | M4: 1. | N4: 2. | O4: 3. | P4: 4. | Q4: TOPLAM | R4: 1. | S4: 2. | T4: 3. | U4: 4. | V4: TOPLAM | W4: 1. | X4: 2. | Y4: 3. | Z4: 4. | AA4: TOPLAM | AB4: 1. | AC4: 2. | AD4: 3. | AE4: 4. | AF4: HORSE POWER | AG4: JOCKHEY POWER | AH4: FATHET POWER | AI4: MOTHER POWER | AJ4: MOTHER'S FATHER POWER | AK4: PERDİGEE POWER | AL4: EARNING POWER | AM4: WEIGHT EFFECT | AO4: Horse | AP4: Jockey | AQ4: Father | AR4: Mother | AS4: Mother's Father | AT4: Perdigee | AU4: Earning | AV4: Weight | AW4: RAW SCORE
B5: HAND 16 | C5: 1
A6: 1 | B6: HEKİMOĞLU KG DB SK | C6: 60 | D6: 212600 | E6: =D6/F6 -> 23622.222 | F6: =G6 -> 9 | G6: 9 | H6: 0 | I6: 1 | J6: 1 | K6: 2 | L6: 112 | M6: 9 | N6: 11 | O6: 12 | P6: 9 | Q6: 14861 | R6: 2182 | S6: 1832 | T6: 1508 | U6: 1403 | V6: 182 | W6: 17 | X6: 17 | Y6: 21 | Z6: 18 | AA6: 1838 | AB6: 170 | AC6: 167 | AD6: 183 | AE6: 168 | AF6: =(H6/G6*4)+(I6/G6*3)+(J6/G6*2)+(K6/G6*1) -> 0.77777778 | AG6: =(M6/L6*4)+(N6/L6*3)+(O6/L6*2)+(P6/L6*1) -> 0.91071429 | AH6: =(R6/Q6*4)+(S6/Q6*3)+(T6/Q6*2)+(U6/Q6*1) -> 1.2544916 | AI6: =(W6/V6*4)+(X6/V6*3)+(Y6/V6*2)+(Z6/V6*1) -> 0.98351648 | AJ6: =(AB6/AA6*4)+(AC6/AA6*3)+(AD6/AA6*2)+(AE6/AA6*1) -> 0.93307943 | AK6: =AVERAGE(AH6:AJ6) -> 1.0570292 | AL6: =E6/MAX($E$6:$E$15) -> 0.25085546 | AM6: =(AVERAGE($C$6:$C$15)-C6)/AVERAGE($C$6:$C$15) -> -0.034482759 | AO6: =AF6*$AO$3 -> 35 | AP6: =AG6*$AP$3 -> 31.875 | AQ6: =AH6*$AQ$3 -> 10.035933 | AR6: =AI6*$AR$3 -> 5.9010989 | AS6: =AJ6*$AS$3 -> 1.8661589 | AT6: =AK6*$AT$3 -> 5.2851459 | AU6: =AL6*$AU$3 -> 1.2542773 | AV6: =AM6*$AV$3 -> -0.34482759 | AW6: =(AO6)+(AP6)+(AT6)+(AU6)+(AV6) -> 73.069596 | AY6: 4 | AZ6: 169.31356
A7: 2 | B7: DELİ YILDIRIM KG DB SK | C7: 59.5 | D7: 236350 | E7: =D7/F7 -> 26261.111 | F7: =G7 -> 9 | G7: 9 | H7: 0 | I7: 1 | J7: 1 | K7: 3 | L7: 30 | M7: 2 | N7: 5 | O7: 3 | P7: 0 | Q7: 14023 | R7: 1794 | S7: 1680 | T7: 1463 | U7: 1419 | V7: 189 | W7: 19 | X7: 24 | Y7: 27 | Z7: 17 | AA7: 1802 | AB7: 164 | AC7: 169 | AD7: 176 | AE7: 154 | AF7: =(H7/G7*4)+(I7/G7*3)+(J7/G7*2)+(K7/G7*1) -> 0.88888889 | AG7: =(M7/L7*4)+(N7/L7*3)+(O7/L7*2)+(P7/L7*1) -> 0.96666667 | AH7: =(R7/Q7*4)+(S7/Q7*3)+(T7/Q7*2)+(U7/Q7*1) -> 1.1809884 | AI7: =(W7/V7*4)+(X7/V7*3)+(Y7/V7*2)+(Z7/V7*1) -> 1.1587302 | AJ7: =(AB7/AA7*4)+(AC7/AA7*3)+(AD7/AA7*2)+(AE7/AA7*1) -> 0.92619312 | AL7: =E7/MAX($E$6:$E$15) -> 0.27887906 | AM7: =(AVERAGE($C$6:$C$15)-C7)/AVERAGE($C$6:$C$15)*2 -> -0.051724138 | AO7: =AF7*$AO$3 -> 40 | AP7: =AG7*$AP$3 -> 33.833333 | AQ7: =AH7*$AQ$3 -> 9.447907 | AR7: =AI7*$AR$3 -> 6.952381 | AS7: =AJ7*$AS$3 -> 1.8523862 | AT7: =AK7*$AT$3 -> 0 | AU7: =AL7*$AU$3 -> 1.3943953 | AV7: =AM7*$AV$3 -> -0.51724138 | AW7: =(AO7)+(AP7)+(AT7)+(AU7)+(AV7) -> 74.710487 | AY7: 3 | AZ7: 159.52978
A8: 3 | B8: CANYURT KG DB SK | C8: 62 | D8: 847500 | E8: =D8/F8 -> 94166.667 | F8: =G8 -> 9 | G8: 9 | H8: 3 | I8: 1 | J8: 3 | K8: 0 | L8: 77 | M8: 12 | N8: 14 | O8: 8 | P8: 6 | Q8: 8478 | R8: 1085 | S8: 1011 | T8: 971 | U8: 943 | V8: 67 | W8: 7 | X8: 7 | Y8: 9 | Z8: 4 | AA8: 2756 | AB8: 334 | AC8: 290 | AD8: 317 | AE8: 297 | AF8: =(H8/G8*4)+(I8/G8*3)+(J8/G8*2)+(K8/G8*1) -> 2.3333333 | AG8: =(M8/L8*4)+(N8/L8*3)+(O8/L8*2)+(P8/L8*1) -> 1.4545455 | AH8: =(R8/Q8*4)+(S8/Q8*3)+(T8/Q8*2)+(U8/Q8*1) -> 1.2099552 | AI8: =(W8/V8*4)+(X8/V8*3)+(Y8/V8*2)+(Z8/V8*1) -> 1.0597015 | AJ8: =(AB8/AA8*4)+(AC8/AA8*3)+(AD8/AA8*2)+(AE8/AA8*1) -> 1.1382438 | AL8: =E8/MAX($E$6:$E$15) -> 1 | AM8: =(AVERAGE($C$6:$C$15)-C8)/AVERAGE($C$6:$C$15)*2 -> -0.13793103 | AO8: =AF8*$AO$3 -> 105 | AP8: =AG8*$AP$3 -> 50.909091 | AQ8: =AH8*$AQ$3 -> 9.6796414 | AR8: =AI8*$AR$3 -> 6.358209 | AS8: =AJ8*$AS$3 -> 2.2764877 | AT8: =AK8*$AT$3 -> 0 | AU8: =AL8*$AU$3 -> 5 | AV8: =AM8*$AV$3 -> -1.3793103 | AW8: =(AO8)+(AP8)+(AT8)+(AU8)+(AV8) -> 159.52978 | AY8: 8 | AZ8: 119.57459
A9: 4 | B9: HIZLI AYAK KG SK | C9: 59.5 | D9: 887300 | E9: =D9/F9 -> 88730 | F9: =G9 -> 10 | G9: 10 | H9: 3 | I9: 3 | J9: 0 | K9: 0 | L9: 339 | M9: 89 | N9: 60 | O9: 52 | P9: 44 | Q9: 1069 | R9: 121 | S9: 133 | T9: 126 | U9: 93 | V9: 199 | W9: 29 | X9: 24 | Y9: 21 | Z9: 19 | AA9: 5789 | AB9: 604 | AC9: 553 | AD9: 556 | AE9: 571 | AF9: =(H9/G9*4)+(I9/G9*3)+(J9/G9*2)+(K9/G9*1) -> 2.1 | AG9: =(M9/L9*4)+(N9/L9*3)+(O9/L9*2)+(P9/L9*1) -> 2.0176991 | AH9: =(R9/Q9*4)+(S9/Q9*3)+(T9/Q9*2)+(U9/Q9*1) -> 1.1487371 | AI9: =(W9/V9*4)+(X9/V9*3)+(Y9/V9*2)+(Z9/V9*1) -> 1.2512563 | AJ9: =(AB9/AA9*4)+(AC9/AA9*3)+(AD9/AA9*2)+(AE9/AA9*1) -> 0.99464502 | AL9: =E9/MAX($E$6:$E$15) -> 0.94226549 | AM9: =(AVERAGE($C$6:$C$15)-C9)/AVERAGE($C$6:$C$15)*2 -> -0.051724138 | AO9: =AF9*$AO$3 -> 94.5 | AP9: =AG9*$AP$3 -> 70.619469 | AQ9: =AH9*$AQ$3 -> 9.1898971 | AR9: =AI9*$AR$3 -> 7.5075377 | AS9: =AJ9*$AS$3 -> 1.98929 | AT9: =AK9*$AT$3 -> 0 | AU9: =AL9*$AU$3 -> 4.7113274 | AV9: =AM9*$AV$3 -> -0.51724138 | AW9: =(AO9)+(AP9)+(AT9)+(AU9)+(AV9) -> 169.31356 | AY9: 10 | AZ9: 113.20019
A10: 5 | B10: SADEKAR KG DB SK | C10: 59 | D10: 418000 | E10: =D10/F10 -> 46444.444 | F10: =G10 -> 9 | G10: 9 | H10: 1 | I10: 1 | J10: 0 | K10: 3 | L10: 52 | M10: 3 | N10: 4 | O10: 4 | P10: 6 | Q10: 14861 | R10: 2182 | S10: 1832 | T10: 1508 | U10: 1403 | V10: 103 | W10: 6 | X10: 9 | Y10: 11 | Z10: 13 | AA10: 3342 | AB10: 332 | AC10: 348 | AD10: 341 | AE10: 330 | AF10: =(H10/G10*4)+(I10/G10*3)+(J10/G10*2)+(K10/G10*1) -> 1.1111111 | AG10: =(M10/L10*4)+(N10/L10*3)+(O10/L10*2)+(P10/L10*1) -> 0.73076923 | AH10: =(R10/Q10*4)+(S10/Q10*3)+(T10/Q10*2)+(U10/Q10*1) -> 1.2544916 | AI10: =(W10/V10*4)+(X10/V10*3)+(Y10/V10*2)+(Z10/V10*1) -> 0.83495146 | AJ10: =(AB10/AA10*4)+(AC10/AA10*3)+(AD10/AA10*2)+(AE10/AA10*1) -> 1.0125673 | AK10: =AVERAGE(AH10:AJ10) -> 1.0340035 | AL10: =E10/MAX($E$6:$E$15) -> 0.49321534 | AM10: =(AVERAGE($C$6:$C$15)-C10)/AVERAGE($C$6:$C$15)*2 -> -0.034482759 | AO10: =AF10*$AO$3 -> 50 | AP10: =AG10*$AP$3 -> 25.576923 | AQ10: =AH10*$AQ$3 -> 10.035933 | AR10: =AI10*$AR$3 -> 5.0097087 | AS10: =AJ10*$AS$3 -> 2.0251346 | AT10: =AK10*$AT$3 -> 5.1700173 | AU10: =AL10*$AU$3 -> 2.4660767 | AV10: =AM10*$AV$3 -> -0.34482759 | AW10: =(AO10)+(AP10)+(AT10)+(AU10)+(AV10) -> 82.86819 | AY10: 5 | AZ10: 82.86819
A11: 6 | B11: ALEVKIRAN KG DB SK GKR | C11: 60.5 | D11: 280000 | E11: =D11/F11 -> 31111.111 | F11: =G11 -> 9 | G11: 9 | H11: 1 | I11: 0 | J11: 0 | K11: 0 | L11: 81 | M11: 8 | N11: 5 | O11: 7 | P11: 13 | Q11: 2125 | R11: 247 | S11: 269 | T11: 243 | U11: 209 | V11: 166 | W11: 9 | X11: 17 | Y11: 21 | Z11: 8 | AA11: 3485 | AB11: 304 | AC11: 301 | AD11: 327 | AE11: 285 | AF11: =(H11/G11*4)+(I11/G11*3)+(J11/G11*2)+(K11/G11*1) -> 0.44444444 | AG11: =(M11/L11*4)+(N11/L11*3)+(O11/L11*2)+(P11/L11*1) -> 0.91358025 | AH11: =(R11/Q11*4)+(S11/Q11*3)+(T11/Q11*2)+(U11/Q11*1) -> 1.1717647 | AI11: =(W11/V11*4)+(X11/V11*3)+(Y11/V11*2)+(Z11/V11*1) -> 0.8253012 | AJ11: =(AB11/AA11*4)+(AC11/AA11*3)+(AD11/AA11*2)+(AE11/AA11*1) -> 0.87747489 | AK11: =AVERAGE(AH11:AJ11) -> 0.95818027 | AL11: =E11/MAX($E$6:$E$15) -> 0.33038348 | AM11: =(AVERAGE($C$6:$C$15)-C11)/AVERAGE($C$6:$C$15)*2 -> -0.086206897 | AO11: =AF11*$AO$3 -> 20 | AP11: =AG11*$AP$3 -> 31.975309 | AQ11: =AH11*$AQ$3 -> 9.3741176 | AR11: =AI11*$AR$3 -> 4.9518072 | AS11: =AJ11*$AS$3 -> 1.7549498 | AT11: =AK11*$AT$3 -> 4.7909013 | AU11: =AL11*$AU$3 -> 1.6519174 | AV11: =AM11*$AV$3 -> -0.86206897 | AW11: =(AO11)+(AP11)+(AT11)+(AU11)+(AV11) -> 57.556058 | AY11: 7 | AZ11: 81.139711
A12: 7 | B12: TURBODİZEL KG | C12: 58 | D12: 170400 | E12: =D12/F12 -> 17040 | F12: =G12 -> 10 | G12: 10 | H12: 0 | I12: 1 | J12: 1 | K12: 3 | L12: 259 | M12: 28 | N12: 28 | O12: 26 | P12: 37 | Q12: 14023 | R12: 1794 | S12: 1680 | T12: 1463 | U12: 1419 | V12: 44 | W12: 5 | X12: 3 | Y12: 8 | Z12: 7 | AA12: 6296 | AB12: 675 | AC12: 712 | AD12: 632 | AE12: 637 | AF12: =(H12/G12*4)+(I12/G12*3)+(J12/G12*2)+(K12/G12*1) -> 0.8 | AG12: =(M12/L12*4)+(N12/L12*3)+(O12/L12*2)+(P12/L12*1) -> 1.1003861 | AH12: =(R12/Q12*4)+(S12/Q12*3)+(T12/Q12*2)+(U12/Q12*1) -> 1.1809884 | AI12: =(W12/V12*4)+(X12/V12*3)+(Y12/V12*2)+(Z12/V12*1) -> 1.1818182 | AJ12: =(AB12/AA12*4)+(AC12/AA12*3)+(AD12/AA12*2)+(AE12/AA12*1) -> 1.0700445 | AK12: =AVERAGE(AH12:AJ12) -> 1.1442837 | AL12: =E12/MAX($E$6:$E$15) -> 0.18095575 | AM12: =(AVERAGE($C$6:$C$15)-C12)/AVERAGE($C$6:$C$15)*2 -> 0 | AO12: =AF12*$AO$3 -> 36 | AP12: =AG12*$AP$3 -> 38.513514 | AQ12: =AH12*$AQ$3 -> 9.447907 | AR12: =AI12*$AR$3 -> 7.0909091 | AS12: =AJ12*$AS$3 -> 2.1400889 | AT12: =AK12*$AT$3 -> 5.7214184 | AU12: =AL12*$AU$3 -> 0.90477876 | AV12: =AM12*$AV$3 -> 0 | AW12: =(AO12)+(AP12)+(AT12)+(AU12)+(AV12) -> 81.139711 | AY12: 9 | AZ12: 75.04045
A13: 8 | B13: ÇAĞLAYANŞELALE KG K DB | C13: 58.5 | D13: 287400 | E13: =D13/F13 -> 31933.333 | F13: =G13 -> 9 | G13: 9 | H13: 0 | I13: 3 | J13: 1 | K13: 0 | L13: 281 | M13: 53 | N13: 43 | O13: 36 | P13: 45 | Q13: 14861 | R13: 2182 | S13: 1832 | T13: 1508 | U13: 1403 | V13: 271 | W13: 44 | X13: 32 | Y13: 32 | Z13: 24 | AA13: 14359 | AB13: 1509 | AC13: 1475 | AD13: 1390 | AE13: 1408 | AF13: =(H13/G13*4)+(I13/G13*3)+(J13/G13*2)+(K13/G13*1) -> 1.2222222 | AG13: =(M13/L13*4)+(N13/L13*3)+(O13/L13*2)+(P13/L13*1) -> 1.6298932 | AH13: =(R13/Q13*4)+(S13/Q13*3)+(T13/Q13*2)+(U13/Q13*1) -> 1.2544916 | AI13: =(W13/V13*4)+(X13/V13*3)+(Y13/V13*2)+(Z13/V13*1) -> 1.3284133 | AJ13: =(AB13/AA13*4)+(AC13/AA13*3)+(AD13/AA13*2)+(AE13/AA13*1) -> 1.0201964 | AK13: =AVERAGE(AH13:AJ13) -> 1.2010338 | AL13: =E13/MAX($E$6:$E$15) -> 0.33911504 | AM13: =(AVERAGE($C$6:$C$15)-C13)/AVERAGE($C$6:$C$15)*2 -> -0.017241379 | AO13: =AF13*$AO$3 -> 55 | AP13: =AG13*$AP$3 -> 57.046263 | AQ13: =AH13*$AQ$3 -> 10.035933 | AR13: =AI13*$AR$3 -> 7.9704797 | AS13: =AJ13*$AS$3 -> 2.0403928 | AT13: =AK13*$AT$3 -> 6.0051688 | AU13: =AL13*$AU$3 -> 1.6955752 | AV13: =AM13*$AV$3 -> -0.17241379 | AW13: =(AO13)+(AP13)+(AT13)+(AU13)+(AV13) -> 119.57459 | AY13: 2 | AZ13: 74.710487
A14: 9 | B14: HOSLİ KG DB SK GKR | C14: 53 | D14: 269300 | E14: =D14/F14 -> 29922.222 | F14: =G14 -> 9 | G14: 9 | H14: 0 | I14: 2 | J14: 1 | K14: 1 | L14: 13 | M14: 0 | N14: 2 | O14: 0 | P14: 2 | Q14: 14861 | R14: 2182 | S14: 1832 | T14: 1508 | U14: 1403 | V14: 78 | W14: 7 | X14: 9 | Y14: 4 | Z14: 6 | AA14: 857 | AB14: 82 | AC14: 87 | AD14: 80 | AE14: 86 | AF14: =(H14/G14*4)+(I14/G14*3)+(J14/G14*2)+(K14/G14*1) -> 1 | AG14: =(M14/L14*4)+(N14/L14*3)+(O14/L14*2)+(P14/L14*1) -> 0.61538462 | AH14: =(R14/Q14*4)+(S14/Q14*3)+(T14/Q14*2)+(U14/Q14*1) -> 1.2544916 | AI14: =(W14/V14*4)+(X14/V14*3)+(Y14/V14*2)+(Z14/V14*1) -> 0.88461538 | AJ14: =(AB14/AA14*4)+(AC14/AA14*3)+(AD14/AA14*2)+(AE14/AA14*1) -> 0.97432905 | AK14: =AVERAGE(AH14:AJ14) -> 1.037812 | AL14: =E14/MAX($E$6:$E$15) -> 0.31775811 | AM14: =(AVERAGE($C$6:$C$15)-C14)/AVERAGE($C$6:$C$15)*2 -> 0.17241379 | AO14: =AF14*$AO$3 -> 45 | AP14: =AG14*$AP$3 -> 21.538462 | AQ14: =AH14*$AQ$3 -> 10.035933 | AR14: =AI14*$AR$3 -> 5.3076923 | AS14: =AJ14*$AS$3 -> 1.9486581 | AT14: =AK14*$AT$3 -> 5.1890601 | AU14: =AL14*$AU$3 -> 1.5887906 | AV14: =AM14*$AV$3 -> 1.7241379 | AW14: =(AO14)+(AP14)+(AT14)+(AU14)+(AV14) -> 75.04045 | AY14: 1 | AZ14: 73.069596
A15: 10 | B15: KUNYA KG K DB | C15: 50 | D15: 545500 | E15: =D15/F15 -> 54550 | F15: =G15 -> 10 | G15: 10 | H15: 1 | I15: 4 | J15: 0 | K15: 1 | L15: 107 | M15: 6 | N15: 11 | O15: 8 | P15: 7 | Q15: 719 | R15: 49 | S15: 62 | T15: 72 | U15: 77 | V15: 101 | W15: 10 | X15: 13 | Y15: 11 | Z15: 9 | AA15: 10343 | AB15: 1077 | AC15: 1012 | AD15: 967 | AE15: 1048 | AF15: =(H15/G15*4)+(I15/G15*3)+(J15/G15*2)+(K15/G15*1) -> 1.7 | AG15: =(M15/L15*4)+(N15/L15*3)+(O15/L15*2)+(P15/L15*1) -> 0.74766355 | AH15: =(R15/Q15*4)+(S15/Q15*3)+(T15/Q15*2)+(U15/Q15*1) -> 0.83866481 | AI15: =(W15/V15*4)+(X15/V15*3)+(Y15/V15*2)+(Z15/V15*1) -> 1.0891089 | AJ15: =(AB15/AA15*4)+(AC15/AA15*3)+(AD15/AA15*2)+(AE15/AA15*1) -> 0.99835638 | AK15: =AVERAGE(AH15:AJ15) -> 0.9753767 | AL15: =E15/MAX($E$6:$E$15) -> 0.57929204 | AM15: =(AVERAGE($C$6:$C$15)-C15)/AVERAGE($C$6:$C$15)*2 -> 0.27586207 | AO15: =AF15*$AO$3 -> 76.5 | AP15: =AG15*$AP$3 -> 26.168224 | AQ15: =AH15*$AQ$3 -> 6.7093185 | AR15: =AI15*$AR$3 -> 6.5346535 | AS15: =AJ15*$AS$3 -> 1.9967128 | AT15: =AK15*$AT$3 -> 4.8768835 | AU15: =AL15*$AU$3 -> 2.8964602 | AV15: =AM15*$AV$3 -> 2.7586207 | AW15: =(AO15)+(AP15)+(AT15)+(AU15)+(AV15) -> 113.20019 | AY15: 6 | AZ15: 57.556058
AO16: =AF16*$AO$3 -> 0 | AP16: =AG16*$AP$3 -> 0 | AQ16: =AH16*$AQ$3 -> 0 | AR16: =AI16*$AR$3 -> 0 | AS16: =AJ16*$AS$3 -> 0 | AT16: =AK16*$AT$3 -> 0 | AU16: =AL16*$AU$3 -> 0 | AV16: =AM16*$AV$3 -> 0 | AW16: =(AO16)+(AP16)+(AT16)+(AU16)+(AV16) -> 0
B17: HAND 17 | AO17: =AF17*$AO$3 -> 0 | AP17: =AG17*$AP$3 -> 0 | AQ17: =AH17*$AQ$3 -> 0 | AR17: =AI17*$AR$3 -> 0 | AS17: =AJ17*$AS$3 -> 0 | AT17: =AK17*$AT$3 -> 0 | AU17: =AL17*$AU$3 -> 0 | AV17: =AM17*$AV$3 -> 0 | AW17: =(AO17)+(AP17)+(AT17)+(AU17)+(AV17) -> 0
A18: 1 | B18: OKLAHOMA DB SK | C18: 61 | D18: 641350 | E18: =D18/F18 -> 64135 | F18: =G18 -> 10 | G18: 10 | H18: 1 | I18: 2 | J18: 3 | K18: 1 | L18: 127 | M18: 10 | N18: 24 | O18: 12 | P18: 13 | Q18: 2253 | R18: 195 | S18: 233 | T18: 227 | U18: 222 | V18: 106 | W18: 15 | X18: 13 | Y18: 9 | Z18: 16 | AA18: 2901 | AB18: 283 | AC18: 293 | AD18: 306 | AE18: 309 | AF18: =(H18/G18*4)+(I18/G18*3)+(J18/G18*2)+(K18/G18*1) -> 1.7 | AG18: =(M18/L18*4)+(N18/L18*3)+(O18/L18*2)+(P18/L18*1) -> 1.1732283 | AH18: =(R18/Q18*4)+(S18/Q18*3)+(T18/Q18*2)+(U18/Q18*1) -> 0.95650244 | AI18: =(W18/V18*4)+(X18/V18*3)+(Y18/V18*2)+(Z18/V18*1) -> 1.254717 | AJ18: =(AB18/AA18*4)+(AC18/AA18*3)+(AD18/AA18*2)+(AE18/AA18*1) -> 1.010686 | AK18: =AVERAGE(AH18:AJ18) -> 1.0739685 | AL18: =E18/MAX($E$18:$E$27) -> 0.83270579 | AM18: =(AVERAGE($C$18:$C$27)-C18)/AVERAGE($C$18:$C$27) -> -0.09221128 | AO18: =AF18*$AO$3 -> 76.5 | AP18: =AG18*$AP$3 -> 41.062992 | AQ18: =AH18*$AQ$3 -> 7.6520195 | AR18: =AI18*$AR$3 -> 7.5283019 | AS18: =AJ18*$AS$3 -> 2.0213719 | AT18: =AK18*$AT$3 -> 5.3698423 | AU18: =AL18*$AU$3 -> 4.163529 | AV18: =AM18*$AV$3 -> -0.9221128 | AW18: =(AO18)+(AP18)+(AT18)+(AU18)+(AV18) -> 126.17425 | AY18: 3 | AZ18: 171.67878
A19: 2 | B19: ÇAKIR YILDIZI KG SK GKR | C19: 61 | D19: 642100 | E19: =D19/F19 -> 64210 | F19: =G19 -> 10 | G19: 10 | H19: 2 | I19: 1 | J19: 1 | K19: 2 | L19: 361 | M19: 69 | N19: 65 | O19: 49 | P19: 50 | Q19: 1694 | R19: 208 | S19: 206 | T19: 206 | U19: 207 | V19: 49 | W19: 11 | X19: 9 | Y19: 7 | Z19: 5 | AA19: 1959 | AB19: 218 | AC19: 237 | AD19: 209 | AE19: 202 | AF19: =(H19/G19*4)+(I19/G19*3)+(J19/G19*2)+(K19/G19*1) -> 1.5 | AG19: =(M19/L19*4)+(N19/L19*3)+(O19/L19*2)+(P19/L19*1) -> 1.7146814 | AH19: =(R19/Q19*4)+(S19/Q19*3)+(T19/Q19*2)+(U19/Q19*1) -> 1.2213695 | AI19: =(W19/V19*4)+(X19/V19*3)+(Y19/V19*2)+(Z19/V19*1) -> 1.8367347 | AJ19: =(AB19/AA19*4)+(AC19/AA19*3)+(AD19/AA19*2)+(AE19/AA19*1) -> 1.1245533 | AK19: =AVERAGE(AH19:AJ19) -> 1.3942192 | AL19: =E19/MAX($E$18:$E$27) -> 0.83367956 | AM19: =(AVERAGE($C$18:$C$27)-C19)/AVERAGE($C$18:$C$27) -> -0.09221128 | AO19: =AF19*$AO$3 -> 67.5 | AP19: =AG19*$AP$3 -> 60.01385 | AQ19: =AH19*$AQ$3 -> 9.7709563 | AR19: =AI19*$AR$3 -> 11.020408 | AS19: =AJ19*$AS$3 -> 2.2491067 | AT19: =AK19*$AT$3 -> 6.971096 | AU19: =AL19*$AU$3 -> 4.1683978 | AV19: =AM19*$AV$3 -> -0.9221128 | AW19: =(AO19)+(AP19)+(AT19)+(AU19)+(AV19) -> 137.73123 | AY19: 8 | AZ19: 166.35458
A20: 3 | B20: ASLAN LUİGİ K | C20: 59 | D20: 591150 | E20: =D20/F20 -> 59115 | F20: =G20 -> 10 | G20: 10 | H20: 4 | I20: 0 | J20: 1 | K20: 3 | L20: 379 | M20: 94 | N20: 57 | O20: 79 | P20: 51 | Q20: 4552 | R20: 445 | S20: 478 | T20: 453 | U20: 514 | V20: 39 | W20: 7 | X20: 4 | Y20: 4 | Z20: 8 | AA20: 1 | AB20: 0 | AC20: 0 | AD20: 0 | AE20: 0 | AF20: =(H20/G20*4)+(I20/G20*3)+(J20/G20*2)+(K20/G20*1) -> 2.1 | AG20: =(M20/L20*4)+(N20/L20*3)+(O20/L20*2)+(P20/L20*1) -> 1.994723 | AH20: =(R20/Q20*4)+(S20/Q20*3)+(T20/Q20*2)+(U20/Q20*1) -> 1.0180141 | AI20: =(W20/V20*4)+(X20/V20*3)+(Y20/V20*2)+(Z20/V20*1) -> 1.4358974 | AJ20: =(AB20/AA20*4)+(AC20/AA20*3)+(AD20/AA20*2)+(AE20/AA20*1) -> 0 | AK20: =AVERAGE(AH20:AJ20) -> 0.8179705 | AL20: =E20/MAX($E$18:$E$27) -> 0.76752791 | AM20: =(AVERAGE($C$18:$C$27)-C20)/AVERAGE($C$18:$C$27) -> -0.056401074 | AO20: =AF20*$AO$3 -> 94.5 | AP20: =AG20*$AP$3 -> 69.815303 | AQ20: =AH20*$AQ$3 -> 8.1441125 | AR20: =AI20*$AR$3 -> 8.6153846 | AS20: =AJ20*$AS$3 -> 0 | AT20: =AK20*$AT$3 -> 4.0898525 | AU20: =AL20*$AU$3 -> 3.8376396 | AV20: =AM20*$AV$3 -> -0.56401074 | AW20: =(AO20)+(AP20)+(AT20)+(AU20)+(AV20) -> 171.67878 | AY20: 2 | AZ20: 137.73123
A21: 4 | B21: KUMTEPER DB SKG SK SGKR | C21: 55.5 | D21: 390000 | E21: =D21/F21 -> 39000 | F21: =G21 -> 10 | G21: 10 | H21: 1 | I21: 3 | J21: 0 | K21: 2 | L21: 391 | M21: 61 | N21: 49 | O21: 51 | P21: 61 | Q21: 1694 | R21: 208 | S21: 206 | T21: 206 | U21: 207 | V21: 27 | W21: 4 | X21: 6 | Y21: 1 | Z21: 4 | AA21: 1504 | AB21: 199 | AC21: 170 | AD21: 157 | AE21: 176 | AF21: =(H21/G21*4)+(I21/G21*3)+(J21/G21*2)+(K21/G21*1) -> 1.5 | AG21: =(M21/L21*4)+(N21/L21*3)+(O21/L21*2)+(P21/L21*1) -> 1.4168798 | AH21: =(R21/Q21*4)+(S21/Q21*3)+(T21/Q21*2)+(U21/Q21*1) -> 1.2213695 | AI21: =(W21/V21*4)+(X21/V21*3)+(Y21/V21*2)+(Z21/V21*1) -> 1.4814815 | AJ21: =(AB21/AA21*4)+(AC21/AA21*3)+(AD21/AA21*2)+(AE21/AA21*1) -> 1.1941489 | AK21: =AVERAGE(AH21:AJ21) -> 1.299 | AL21: =E21/MAX($E$18:$E$27) -> 0.50636198 | AM21: =(AVERAGE($C$18:$C$27)-C21)/AVERAGE($C$18:$C$27) -> 0.006266786 | AO21: =AF21*$AO$3 -> 67.5 | AP21: =AG21*$AP$3 -> 49.590793 | AQ21: =AH21*$AQ$3 -> 9.7709563 | AR21: =AI21*$AR$3 -> 8.8888889 | AS21: =AJ21*$AS$3 -> 2.3882979 | AT21: =AK21*$AT$3 -> 6.4949999 | AU21: =AL21*$AU$3 -> 2.5318099 | AV21: =AM21*$AV$3 -> 0.06266786 | AW21: =(AO21)+(AP21)+(AT21)+(AU21)+(AV21) -> 126.18027 | AY21: 5 | AZ21: 133.94873
A22: 5 | B22: SWEPS KG DB SK | C22: 57 | D22: 475250 | E22: =D22/F22 -> 52805.556 | F22: =G22 -> 9 | G22: 9 | H22: 1 | I22: 2 | J22: 1 | K22: 2 | L22: 387 | M22: 61 | N22: 67 | O22: 57 | P22: 59 | Q22: 3320 | R22: 493 | S22: 419 | T22: 404 | U22: 375 | V22: 77 | W22: 7 | X22: 6 | Y22: 8 | Z22: 11 | AA22: 94 | AB22: 8 | AC22: 6 | AD22: 8 | AE22: 12 | AF22: =(H22/G22*4)+(I22/G22*3)+(J22/G22*2)+(K22/G22*1) -> 1.5555556 | AG22: =(M22/L22*4)+(N22/L22*3)+(O22/L22*2)+(P22/L22*1) -> 1.5968992 | AH22: =(R22/Q22*4)+(S22/Q22*3)+(T22/Q22*2)+(U22/Q22*1) -> 1.3289157 | AI22: =(W22/V22*4)+(X22/V22*3)+(Y22/V22*2)+(Z22/V22*1) -> 0.94805195 | AJ22: =(AB22/AA22*4)+(AC22/AA22*3)+(AD22/AA22*2)+(AE22/AA22*1) -> 0.82978723 | AK22: =AVERAGE(AH22:AJ22) -> 1.0355849 | AL22: =E22/MAX($E$18:$E$27) -> 0.68560836 | AM22: =(AVERAGE($C$18:$C$27)-C22)/AVERAGE($C$18:$C$27) -> -0.020590868 | AO22: =AF22*$AO$3 -> 70 | AP22: =AG22*$AP$3 -> 55.891473 | AQ22: =AH22*$AQ$3 -> 10.631325 | AR22: =AI22*$AR$3 -> 5.6883117 | AS22: =AJ22*$AS$3 -> 1.6595745 | AT22: =AK22*$AT$3 -> 5.1779247 | AU22: =AL22*$AU$3 -> 3.4280418 | AV22: =AM22*$AV$3 -> -0.20590868 | AW22: =(AO22)+(AP22)+(AT22)+(AU22)+(AV22) -> 134.29153 | AY22: 9 | AZ22: 131.4517
A23: 6 | B23: FOUDROYANT K DB | C23: 55 | D23: 770200 | E23: =D23/F23 -> 77020 | F23: =G23 -> 10 | G23: 10 | H23: 2 | I23: 3 | J23: 1 | K23: 0 | L23: 50 | M23: 1 | N23: 2 | O23: 6 | P23: 7 | Q23: 725 | R23: 61 | S23: 87 | T23: 62 | U23: 91 | V23: 25 | W23: 4 | X23: 8 | Y23: 1 | Z23: 1 | AA23: 499 | AB23: 65 | AC23: 70 | AD23: 70 | AE23: 52 | AF23: =(H23/G23*4)+(I23/G23*3)+(J23/G23*2)+(K23/G23*1) -> 1.9 | AG23: =(M23/L23*4)+(N23/L23*3)+(O23/L23*2)+(P23/L23*1) -> 0.58 | AH23: =(R23/Q23*4)+(S23/Q23*3)+(T23/Q23*2)+(U23/Q23*1) -> 0.99310345 | AI23: =(W23/V23*4)+(X23/V23*3)+(Y23/V23*2)+(Z23/V23*1) -> 1.72 | AJ23: =(AB23/AA23*4)+(AC23/AA23*3)+(AD23/AA23*2)+(AE23/AA23*1) -> 1.3266533 | AK23: =AVERAGE(AH23:AJ23) -> 1.3465856 | AL23: =E23/MAX($E$18:$E$27) -> 1 | AM23: =(AVERAGE($C$18:$C$27)-C23)/AVERAGE($C$18:$C$27) -> 0.015219338 | AO23: =AF23*$AO$3 -> 85.5 | AP23: =AG23*$AP$3 -> 20.3 | AQ23: =AH23*$AQ$3 -> 7.9448276 | AR23: =AI23*$AR$3 -> 10.32 | AS23: =AJ23*$AS$3 -> 2.6533066 | AT23: =AK23*$AT$3 -> 6.7329279 | AU23: =AL23*$AU$3 -> 5 | AV23: =AM23*$AV$3 -> 0.15219338 | AW23: =(AO23)+(AP23)+(AT23)+(AU23)+(AV23) -> 117.68512 | AY23: 4 | AZ23: 126.18027
A24: 7 | B24: MR BIG SHOT DB BB | C24: 53.5 | D24: 181925 | E24: =D24/F24 -> 18192.5 | F24: =G24 -> 10 | G24: 10 | H24: 0 | I24: 1 | J24: 3 | K24: 0 | L24: 281 | M24: 53 | N24: 43 | O24: 36 | P24: 45 | Q24: 3320 | R24: 493 | S24: 419 | T24: 404 | U24: 375 | V24: 142 | W24: 9 | X24: 21 | Y24: 19 | Z24: 17 | AA24: 512 | AB24: 49 | AC24: 68 | AD24: 63 | AE24: 63 | AF24: =(H24/G24*4)+(I24/G24*3)+(J24/G24*2)+(K24/G24*1) -> 0.9 | AG24: =(M24/L24*4)+(N24/L24*3)+(O24/L24*2)+(P24/L24*1) -> 1.6298932 | AH24: =(R24/Q24*4)+(S24/Q24*3)+(T24/Q24*2)+(U24/Q24*1) -> 1.3289157 | AI24: =(W24/V24*4)+(X24/V24*3)+(Y24/V24*2)+(Z24/V24*1) -> 1.084507 | AJ24: =(AB24/AA24*4)+(AC24/AA24*3)+(AD24/AA24*2)+(AE24/AA24*1) -> 1.1503906 | AK24: =AVERAGE(AH24:AJ24) -> 1.1879378 | AL24: =E24/MAX($E$18:$E$27) -> 0.23620488 | AM24: =(AVERAGE($C$18:$C$27)-C24)/AVERAGE($C$18:$C$27) -> 0.042076992 | AO24: =AF24*$AO$3 -> 40.5 | AP24: =AG24*$AP$3 -> 57.046263 | AQ24: =AH24*$AQ$3 -> 10.631325 | AR24: =AI24*$AR$3 -> 6.5070423 | AS24: =AJ24*$AS$3 -> 2.3007812 | AT24: =AK24*$AT$3 -> 5.9396889 | AU24: =AL24*$AU$3 -> 1.1810244 | AV24: =AM24*$AV$3 -> 0.42076992 | AW24: =(AO24)+(AP24)+(AT24)+(AU24)+(AV24) -> 105.08775 | AY24: 1 | AZ24: 126.17425
A25: 8 | B25: SİLİSTRE KG K | C25: 55 | D25: 526225 | E25: =D25/F25 -> 52622.5 | F25: =G25 -> 10 | G25: 10 | H25: 3 | I25: 3 | J25: 2 | K25: 0 | L25: 89 | M25: 12 | N25: 13 | O25: 8 | P25: 8 | Q25: 3320 | R25: 493 | S25: 419 | T25: 404 | U25: 375 | V25: 18 | W25: 4 | X25: 3 | Y25: 2 | Z25: 0 | AA25: 516 | AB25: 43 | AC25: 59 | AD25: 68 | AE25: 52 | AF25: =(H25/G25*4)+(I25/G25*3)+(J25/G25*2)+(K25/G25*1) -> 2.5 | AG25: =(M25/L25*4)+(N25/L25*3)+(O25/L25*2)+(P25/L25*1) -> 1.247191 | AH25: =(R25/Q25*4)+(S25/Q25*3)+(T25/Q25*2)+(U25/Q25*1) -> 1.3289157 | AI25: =(W25/V25*4)+(X25/V25*3)+(Y25/V25*2)+(Z25/V25*1) -> 1.6111111 | AJ25: =(AB25/AA25*4)+(AC25/AA25*3)+(AD25/AA25*2)+(AE25/AA25*1) -> 1.0406977 | AK25: =AVERAGE(AH25:AJ25) -> 1.3269081 | AL25: =E25/MAX($E$18:$E$27) -> 0.68323163 | AM25: =(AVERAGE($C$18:$C$27)-C25)/AVERAGE($C$18:$C$27) -> 0.015219338 | AO25: =AF25*$AO$3 -> 112.5 | AP25: =AG25*$AP$3 -> 43.651685 | AQ25: =AH25*$AQ$3 -> 10.631325 | AR25: =AI25*$AR$3 -> 9.6666667 | AS25: =AJ25*$AS$3 -> 2.0813953 | AT25: =AK25*$AT$3 -> 6.6345407 | AU25: =AL25*$AU$3 -> 3.4161581 | AV25: =AM25*$AV$3 -> 0.15219338 | AW25: =(AO25)+(AP25)+(AT25)+(AU25)+(AV25) -> 166.35458 | AY25: 6 | AZ25: 117.68512
A26: 9 | B26: CATCH THE STARS SK | C26: 51.5 | D26: 606800 | E26: =D26/F26 -> 60680 | F26: =G26 -> 10 | G26: 10 | H26: 2 | I26: 2 | J26: 1 | K26: 1 | L26: 428 | M26: 65 | N26: 49 | O26: 48 | P26: 57 | Q26: 12123 | R26: 1511 | S26: 1395 | T26: 1444 | U26: 1277 | V26: 63 | W26: 9 | X26: 11 | Y26: 11 | Z26: 2 | AA26: 1 | AB26: 0 | AC26: 0 | AD26: 0 | AE26: 0 | AF26: =(H26/G26*4)+(I26/G26*3)+(J26/G26*2)+(K26/G26*1) -> 1.7 | AG26: =(M26/L26*4)+(N26/L26*3)+(O26/L26*2)+(P26/L26*1) -> 1.3084112 | AH26: =(R26/Q26*4)+(S26/Q26*3)+(T26/Q26*2)+(U26/Q26*1) -> 1.1873299 | AI26: =(W26/V26*4)+(X26/V26*3)+(Y26/V26*2)+(Z26/V26*1) -> 1.4761905 | AJ26: =(AB26/AA26*4)+(AC26/AA26*3)+(AD26/AA26*2)+(AE26/AA26*1) -> 0 | AK26: =AVERAGE(AH26:AJ26) -> 0.88784012 | AL26: =E26/MAX($E$18:$E$27) -> 0.78784731 | AM26: =(AVERAGE($C$18:$C$27)-C26)/AVERAGE($C$18:$C$27) -> 0.077887198 | AO26: =AF26*$AO$3 -> 76.5 | AP26: =AG26*$AP$3 -> 45.794393 | AQ26: =AH26*$AQ$3 -> 9.498639 | AR26: =AI26*$AR$3 -> 8.8571429 | AS26: =AJ26*$AS$3 -> 0 | AT26: =AK26*$AT$3 -> 4.4392006 | AU26: =AL26*$AU$3 -> 3.9392366 | AV26: =AM26*$AV$3 -> 0.77887198 | AW26: =(AO26)+(AP26)+(AT26)+(AU26)+(AV26) -> 131.4517 | AY26: 10 | AZ26: 106.90864
A27: 10 | B27: KING OF THE WIN KG DB SK | C27: 50 | D27: 381400 | E27: =D27/F27 -> 38140 | F27: =G27 -> 10 | G27: 10 | H27: 3 | I27: 0 | J27: 2 | K27: 0 | L27: 107 | M27: 6 | N27: 11 | O27: 8 | P27: 7 | Q27: 14421 | R27: 1830 | S27: 1734 | T27: 1760 | U27: 1697 | V27: 21 | W27: 3 | X27: 0 | Y27: 2 | Z27: 3 | AA27: 215 | AB27: 26 | AC27: 14 | AD27: 17 | AE27: 34 | AF27: =(H27/G27*4)+(I27/G27*3)+(J27/G27*2)+(K27/G27*1) -> 1.6 | AG27: =(M27/L27*4)+(N27/L27*3)+(O27/L27*2)+(P27/L27*1) -> 0.74766355 | AH27: =(R27/Q27*4)+(S27/Q27*3)+(T27/Q27*2)+(U27/Q27*1) -> 1.2300811 | AI27: =(W27/V27*4)+(X27/V27*3)+(Y27/V27*2)+(Z27/V27*1) -> 0.9047619 | AJ27: =(AB27/AA27*4)+(AC27/AA27*3)+(AD27/AA27*2)+(AE27/AA27*1) -> 0.99534884 | AK27: =AVERAGE(AH27:AJ27) -> 1.0433973 | AL27: =E27/MAX($E$18:$E$27) -> 0.49519605 | AM27: =(AVERAGE($C$18:$C$27)-C27)/AVERAGE($C$18:$C$27) -> 0.10474485 | AO27: =AF27*$AO$3 -> 72 | AP27: =AG27*$AP$3 -> 26.168224 | AQ27: =AH27*$AQ$3 -> 9.8406491 | AR27: =AI27*$AR$3 -> 5.4285714 | AS27: =AJ27*$AS$3 -> 1.9906977 | AT27: =AK27*$AT$3 -> 5.2169865 | AU27: =AL27*$AU$3 -> 2.4759803 | AV27: =AM27*$AV$3 -> 1.0474485 | AW27: =(AO27)+(AP27)+(AT27)+(AU27)+(AV27) -> 106.90864 | AY27: 7 | AZ27: 105.08775
AF28: =(H28/G28*4)+(I28/G28*3)+(J28/G28*2)+(K28/G28*1) -> #DIV/0! | AG28: =(M28/L28*4)+(N28/L28*3)+(O28/L28*2)+(P28/L28*1) -> #DIV/0! | AH28: =(R28/Q28*4)+(S28/Q28*3)+(T28/Q28*2)+(U28/Q28*1) -> #DIV/0! | AI28: =(W28/V28*4)+(X28/V28*3)+(Y28/V28*2)+(Z28/V28*1) -> #DIV/0! | AJ28: =(AB28/AA28*4)+(AC28/AA28*3)+(AD28/AA28*2)+(AE28/AA28*1) -> #DIV/0! | AO28: =AF28*$AO$3 -> #DIV/0! | AP28: =AG28*$AP$3 -> #DIV/0! | AQ28: =AH28*$AQ$3 -> #DIV/0! | AR28: =AI28*$AR$3 -> #DIV/0! | AS28: =AJ28*$AS$3 -> #DIV/0! | AT28: =AK28*$AT$3 -> 0 | AU28: =AL28*$AU$3 -> 0 | AV28: =AM28*$AV$3 -> 0 | AW28: =(AO28)+(AP28)+(AT28)+(AU28)+(AV28) -> #DIV/0!
B29: KV 9 | C29: 3 | AF29: =(H29/G29*4)+(I29/G29*3)+(J29/G29*2)+(K29/G29*1) -> #DIV/0! | AG29: =(M29/L29*4)+(N29/L29*3)+(O29/L29*2)+(P29/L29*1) -> #DIV/0! | AH29: =(R29/Q29*4)+(S29/Q29*3)+(T29/Q29*2)+(U29/Q29*1) -> #DIV/0! | AI29: =(W29/V29*4)+(X29/V29*3)+(Y29/V29*2)+(Z29/V29*1) -> #DIV/0! | AJ29: =(AB29/AA29*4)+(AC29/AA29*3)+(AD29/AA29*2)+(AE29/AA29*1) -> #DIV/0! | AO29: =AF29*$AO$3 -> #DIV/0! | AP29: =AG29*$AP$3 -> #DIV/0! | AQ29: =AH29*$AQ$3 -> #DIV/0! | AR29: =AI29*$AR$3 -> #DIV/0! | AS29: =AJ29*$AS$3 -> #DIV/0! | AT29: =AK29*$AT$3 -> 0 | AU29: =AL29*$AU$3 -> 0 | AV29: =AM29*$AV$3 -> 0 | AW29: =(AO29)+(AP29)+(AT29)+(AU29)+(AV29) -> #DIV/0!
A30: 1 | B30: AKUÇAN KG DB SK | C30: 54 | D30: 16000 | E30: =D30/F30 -> 16000 | F30: 1 | G30: 1 | H30: 0 | I30: 0 | J30: 0 | K30: 0 | L30: 179 | M30: 24 | N30: 15 | O30: 13 | P30: 21 | Q30: 481 | R30: 56 | S30: 47 | T30: 56 | U30: 35 | V30: 18 | W30: 1 | X30: 1 | Y30: 1 | Z30: 3 | AA30: 1447 | AB30: 121 | AC30: 118 | AD30: 135 | AE30: 129 | AF30: =(H30/G30*4)+(I30/G30*3)+(J30/G30*2)+(K30/G30*1) -> 0 | AG30: =(M30/L30*4)+(N30/L30*3)+(O30/L30*2)+(P30/L30*1) -> 1.0502793 | AH30: =(R30/Q30*4)+(S30/Q30*3)+(T30/Q30*2)+(U30/Q30*1) -> 1.0644491 | AI30: =(W30/V30*4)+(X30/V30*3)+(Y30/V30*2)+(Z30/V30*1) -> 0.66666667 | AJ30: =(AB30/AA30*4)+(AC30/AA30*3)+(AD30/AA30*2)+(AE30/AA30*1) -> 0.85487215 | AK30: =AVERAGE(AH30:AJ30) -> 0.86199596 | AL30: =E30/MAX($E$30:$E$37) -> 0.125 | AM30: =(AVERAGE($C$30:$C$37)-C30)/AVERAGE($C$30:$C$37) -> 0.042128603 | AO30: =AF30*$AO$3 -> 0 | AP30: =AG30*$AP$3 -> 36.759777 | AQ30: =AH30*$AQ$3 -> 8.5155925 | AR30: =AI30*$AR$3 -> 4 | AS30: =AJ30*$AS$3 -> 1.7097443 | AT30: =AK30*$AT$3 -> 4.3099798 | AU30: =AL30*$AU$3 -> 0.625 | AV30: =AM30*$AV$3 -> 0.42128603 | AW30: =(AO30)+(AP30)+(AT30)+(AU30)+(AV30) -> 42.116042 | AY30: 6 | AZ30: 185.91379
A31: 2 | B31: ASIL OĞUL KG SK | C31: 57 | D31: 130900 | E31: =D31/F31 -> 65450 | F31: 2 | G31: 2 | H31: 0 | I31: 1 | J31: 0 | K31: 1 | L31: 107 | M31: 8 | N31: 8 | O31: 12 | P31: 10 | Q31: 555 | R31: 69 | S31: 60 | T31: 48 | U31: 48 | V31: 30 | W31: 8 | X31: 6 | Y31: 4 | Z31: 5 | AA31: 5789 | AB31: 604 | AC31: 553 | AD31: 556 | AE31: 571 | AF31: =(H31/G31*4)+(I31/G31*3)+(J31/G31*2)+(K31/G31*1) -> 2 | AG31: =(M31/L31*4)+(N31/L31*3)+(O31/L31*2)+(P31/L31*1) -> 0.8411215 | AH31: =(R31/Q31*4)+(S31/Q31*3)+(T31/Q31*2)+(U31/Q31*1) -> 1.0810811 | AI31: =(W31/V31*4)+(X31/V31*3)+(Y31/V31*2)+(Z31/V31*1) -> 2.1 | AJ31: =(AB31/AA31*4)+(AC31/AA31*3)+(AD31/AA31*2)+(AE31/AA31*1) -> 0.99464502 | AK31: =AVERAGE(AH31:AJ31) -> 1.3919087 | AL31: =E31/MAX($E$30:$E$37) -> 0.51132813 | AM31: =(AVERAGE($C$30:$C$37)-C31)/AVERAGE($C$30:$C$37) -> -0.011086475 | AO31: =AF31*$AO$3 -> 90 | AP31: =AG31*$AP$3 -> 29.439252 | AQ31: =AH31*$AQ$3 -> 8.6486486 | AR31: =AI31*$AR$3 -> 12.6 | AS31: =AJ31*$AS$3 -> 1.98929 | AT31: =AK31*$AT$3 -> 6.9595435 | AU31: =AL31*$AU$3 -> 2.5566406 | AV31: =AM31*$AV$3 -> -0.11086475 | AW31: =(AO31)+(AP31)+(AT31)+(AU31)+(AV31) -> 128.84457 | AY31: 5 | AZ31: 168.48156
A32: 3 | B32: DENİZBEYİM KG SK | C32: 57 | D32: 16000 | E32: =D32/F32 -> 16000 | F32: 1 | G32: 1 | H32: 0 | I32: 0 | J32: 0 | K32: 0 | L32: 270 | M32: 59 | N32: 56 | O32: 38 | P32: 36 | Q32: 1416 | R32: 118 | S32: 125 | T32: 132 | U32: 114 | V32: 145 | W32: 9 | X32: 22 | Y32: 18 | Z32: 12 | AA32: 3548 | AB32: 321 | AC32: 326 | AD32: 347 | AE32: 317 | AF32: =(H32/G32*4)+(I32/G32*3)+(J32/G32*2)+(K32/G32*1) -> 0 | AG32: =(M32/L32*4)+(N32/L32*3)+(O32/L32*2)+(P32/L32*1) -> 1.9111111 | AH32: =(R32/Q32*4)+(S32/Q32*3)+(T32/Q32*2)+(U32/Q32*1) -> 0.86511299 | AI32: =(W32/V32*4)+(X32/V32*3)+(Y32/V32*2)+(Z32/V32*1) -> 1.0344828 | AJ32: =(AB32/AA32*4)+(AC32/AA32*3)+(AD32/AA32*2)+(AE32/AA32*1) -> 0.92249154 | AK32: =AVERAGE(AH32:AJ32) -> 0.94069577 | AL32: =E32/MAX($E$30:$E$37) -> 0.125 | AM32: =(AVERAGE($C$30:$C$37)-C32)/AVERAGE($C$30:$C$37) -> -0.011086475 | AO32: =AF32*$AO$3 -> 0 | AP32: =AG32*$AP$3 -> 66.888889 | AQ32: =AH32*$AQ$3 -> 6.920904 | AR32: =AI32*$AR$3 -> 6.2068966 | AS32: =AJ32*$AS$3 -> 1.8449831 | AT32: =AK32*$AT$3 -> 4.7034788 | AU32: =AL32*$AU$3 -> 0.625 | AV32: =AM32*$AV$3 -> -0.11086475 | AW32: =(AO32)+(AP32)+(AT32)+(AU32)+(AV32) -> 72.106503 | AY32: 4 | AZ32: 148.20297
A33: 4 | B33: LUXOR BOY K | C33: 57 | D33: 54600 | E33: =D33/F33 -> 54600 | F33: 1 | G33: 1 | H33: 0 | I33: 0 | J33: 1 | K33: 0 | L33: 301 | M33: 37 | N33: 40 | O33: 61 | P33: 41 | Q33: 14037 | R33: 1795 | S33: 1680 | T33: 1464 | U33: 1422 | V33: 89 | W33: 16 | X33: 9 | Y33: 16 | Z33: 5 | AA33: 14360 | AB33: 1509 | AC33: 1475 | AD33: 1390 | AE33: 1409 | AF33: =(H33/G33*4)+(I33/G33*3)+(J33/G33*2)+(K33/G33*1) -> 2 | AG33: =(M33/L33*4)+(N33/L33*3)+(O33/L33*2)+(P33/L33*1) -> 1.4318937 | AH33: =(R33/Q33*4)+(S33/Q33*3)+(T33/Q33*2)+(U33/Q33*1) -> 1.1804517 | AI33: =(W33/V33*4)+(X33/V33*3)+(Y33/V33*2)+(Z33/V33*1) -> 1.4382022 | AJ33: =(AB33/AA33*4)+(AC33/AA33*3)+(AD33/AA33*2)+(AE33/AA33*1) -> 1.020195 | AK33: =AVERAGE(AH33:AJ33) -> 1.2129496 | AL33: =E33/MAX($E$30:$E$37) -> 0.4265625 | AM33: =(AVERAGE($C$30:$C$37)-C33)/AVERAGE($C$30:$C$37) -> -0.011086475 | AO33: =AF33*$AO$3 -> 90 | AP33: =AG33*$AP$3 -> 50.116279 | AQ33: =AH33*$AQ$3 -> 9.4436133 | AR33: =AI33*$AR$3 -> 8.6292135 | AS33: =AJ33*$AS$3 -> 2.04039 | AT33: =AK33*$AT$3 -> 6.0647482 | AU33: =AL33*$AU$3 -> 2.1328125 | AV33: =AM33*$AV$3 -> -0.11086475 | AW33: =(AO33)+(AP33)+(AT33)+(AU33)+(AV33) -> 148.20297 | AY33: 7 | AZ33: 130.49917
A34: 5 | B34: ÖZTAMER KG K | C34: 57 | D34: 64000 | E34: =D34/F34 -> 64000 | F34: 1 | G34: 1 | H34: 0 | I34: 0 | J34: 1 | K34: 0 | L34: 344 | M34: 90 | N34: 60 | O34: 53 | P34: 45 | Q34: 7006 | R34: 803 | S34: 777 | T34: 835 | U34: 813 | V34: 136 | W34: 27 | X34: 9 | Y34: 14 | Z34: 11 | AA34: 2790 | AB34: 303 | AC34: 291 | AD34: 274 | AE34: 289 | AF34: =(H34/G34*4)+(I34/G34*3)+(J34/G34*2)+(K34/G34*1) -> 2 | AG34: =(M34/L34*4)+(N34/L34*3)+(O34/L34*2)+(P34/L34*1) -> 2.0087209 | AH34: =(R34/Q34*4)+(S34/Q34*3)+(T34/Q34*2)+(U34/Q34*1) -> 1.1455895 | AI34: =(W34/V34*4)+(X34/V34*3)+(Y34/V34*2)+(Z34/V34*1) -> 1.2794118 | AJ34: =(AB34/AA34*4)+(AC34/AA34*3)+(AD34/AA34*2)+(AE34/AA34*1) -> 1.0473118 | AK34: =AVERAGE(AH34:AJ34) -> 1.1574377 | AL34: =E34/MAX($E$30:$E$37) -> 0.5 | AM34: =(AVERAGE($C$30:$C$37)-C34)/AVERAGE($C$30:$C$37) -> -0.011086475 | AO34: =AF34*$AO$3 -> 90 | AP34: =AG34*$AP$3 -> 70.305233 | AQ34: =AH34*$AQ$3 -> 9.164716 | AR34: =AI34*$AR$3 -> 7.6764706 | AS34: =AJ34*$AS$3 -> 2.0946237 | AT34: =AK34*$AT$3 -> 5.7871885 | AU34: =AL34*$AU$3 -> 2.5 | AV34: =AM34*$AV$3 -> -0.11086475 | AW34: =(AO34)+(AP34)+(AT34)+(AU34)+(AV34) -> 168.48156 | AY34: 2 | AZ34: 128.84457
A35: 6 | B35: UTKAN KG K | C35: 57 | D35: 128000 | E35: =D35/F35 -> 128000 | F35: 1 | G35: 1 | H35: 0 | I35: 1 | J35: 0 | K35: 0 | L35: 9013 | M35: 1152 | N35: 1103 | O35: 1146 | P35: 1069 | Q35: 373 | R35: 35 | S35: 37 | T35: 27 | U35: 34 | V35: 7 | W35: 0 | X35: 1 | Y35: 0 | Z35: 0 | AA35: 1 | AB35: 0 | AC35: 0 | AD35: 0 | AE35: 0 | AF35: =(H35/G35*4)+(I35/G35*3)+(J35/G35*2)+(K35/G35*1) -> 3 | AG35: =(M35/L35*4)+(N35/L35*3)+(O35/L35*2)+(P35/L35*1) -> 1.2513037 | AH35: =(R35/Q35*4)+(S35/Q35*3)+(T35/Q35*2)+(U35/Q35*1) -> 0.90884718 | AI35: =(W35/V35*4)+(X35/V35*3)+(Y35/V35*2)+(Z35/V35*1) -> 0.42857143 | AJ35: =(AB35/AA35*4)+(AC35/AA35*3)+(AD35/AA35*2)+(AE35/AA35*1) -> 0 | AK35: =AVERAGE(AH35:AJ35) -> 0.4458062 | AL35: =E35/MAX($E$30:$E$37) -> 1 | AM35: =(AVERAGE($C$30:$C$37)-C35)/AVERAGE($C$30:$C$37) -> -0.011086475 | AO35: =AF35*$AO$3 -> 135 | AP35: =AG35*$AP$3 -> 43.795629 | AQ35: =AH35*$AQ$3 -> 7.2707775 | AR35: =AI35*$AR$3 -> 2.5714286 | AS35: =AJ35*$AS$3 -> 0 | AT35: =AK35*$AT$3 -> 2.229031 | AU35: =AL35*$AU$3 -> 5 | AV35: =AM35*$AV$3 -> -0.11086475 | AW35: =(AO35)+(AP35)+(AT35)+(AU35)+(AV35) -> 185.91379 | AY35: 3 | AZ35: 72.106503
A36: 7 | B36: YİĞİT BOYRAZ KG DB SK | C36: 57 | D36: 20000 | E36: =D36/F36 -> 20000 | F36: 1 | G36: 1 | H36: 0 | I36: 0 | J36: 0 | K36: 1 | L36: 27 | M36: 10 | N36: 4 | O36: 2 | P36: 5 | Q36: 11 | R36: 2 | S36: 2 | T36: 1 | U36: 1 | V36: 5 | W36: 0 | X36: 1 | Y36: 0 | Z36: 2 | AA36: 1479 | AB36: 129 | AC36: 137 | AD36: 126 | AE36: 163 | AF36: =(H36/G36*4)+(I36/G36*3)+(J36/G36*2)+(K36/G36*1) -> 1 | AG36: =(M36/L36*4)+(N36/L36*3)+(O36/L36*2)+(P36/L36*1) -> 2.2592593 | AH36: =(R36/Q36*4)+(S36/Q36*3)+(T36/Q36*2)+(U36/Q36*1) -> 1.5454545 | AI36: =(W36/V36*4)+(X36/V36*3)+(Y36/V36*2)+(Z36/V36*1) -> 1 | AJ36: =(AB36/AA36*4)+(AC36/AA36*3)+(AD36/AA36*2)+(AE36/AA36*1) -> 0.90736984 | AK36: =AVERAGE(AH36:AJ36) -> 1.1509415 | AL36: =E36/MAX($E$30:$E$37) -> 0.15625 | AM36: =(AVERAGE($C$30:$C$37)-C36)/AVERAGE($C$30:$C$37) -> -0.011086475 | AO36: =AF36*$AO$3 -> 45 | AP36: =AG36*$AP$3 -> 79.074074 | AQ36: =AH36*$AQ$3 -> 12.363636 | AR36: =AI36*$AR$3 -> 6 | AS36: =AJ36*$AS$3 -> 1.8147397 | AT36: =AK36*$AT$3 -> 5.7547073 | AU36: =AL36*$AU$3 -> 0.78125 | AV36: =AM36*$AV$3 -> -0.11086475 | AW36: =(AO36)+(AP36)+(AT36)+(AU36)+(AV36) -> 130.49917 | AY36: 1 | AZ36: 42.116042
A37: 8 | B37: İĞDE AĞACI KG K | C37: 55 | D37: 0 | E37: =D37/F37 -> 0 | F37: 1 | G37: 1 | H37: 0 | I37: 0 | J37: 0 | K37: 0 | L37: 171 | M37: 9 | N37: 15 | O37: 19 | P37: 19 | Q37: 1416 | R37: 118 | S37: 125 | T37: 132 | U37: 114 | V37: 1 | W37: 0 | X37: 0 | Y37: 0 | Z37: 0 | AA37: 11 | AB37: 1 | AC37: 0 | AD37: 0 | AE37: 0 | AF37: =(H37/G37*4)+(I37/G37*3)+(J37/G37*2)+(K37/G37*1) -> 0 | AG37: =(M37/L37*4)+(N37/L37*3)+(O37/L37*2)+(P37/L37*1) -> 0.80701754 | AH37: =(R37/Q37*4)+(S37/Q37*3)+(T37/Q37*2)+(U37/Q37*1) -> 0.86511299 | AI37: =(W37/V37*4)+(X37/V37*3)+(Y37/V37*2)+(Z37/V37*1) -> 0 | AJ37: =(AB37/AA37*4)+(AC37/AA37*3)+(AD37/AA37*2)+(AE37/AA37*1) -> 0.36363636 | AK37: =AVERAGE(AH37:AJ37) -> 0.40958312 | AL37: =E37/MAX($E$30:$E$37) -> 0 | AM37: =(AVERAGE($C$30:$C$37)-C37)/AVERAGE($C$30:$C$37) -> 0.024390244 | AO37: =AF37*$AO$3 -> 0 | AP37: =AG37*$AP$3 -> 28.245614 | AQ37: =AH37*$AQ$3 -> 6.920904 | AR37: =AI37*$AR$3 -> 0 | AS37: =AJ37*$AS$3 -> 0.72727273 | AT37: =AK37*$AT$3 -> 2.0479156 | AU37: =AL37*$AU$3 -> 0 | AV37: =AM37*$AV$3 -> 0.24390244 | AW37: =(AO37)+(AP37)+(AT37)+(AU37)+(AV37) -> 30.537432 | AY37: 8 | AZ37: 30.537432
AF38: =(H38/G38*4)+(I38/G38*3)+(J38/G38*2)+(K38/G38*1) -> #DIV/0! | AG38: =(M38/L38*4)+(N38/L38*3)+(O38/L38*2)+(P38/L38*1) -> #DIV/0! | AH38: =(R38/Q38*4)+(S38/Q38*3)+(T38/Q38*2)+(U38/Q38*1) -> #DIV/0! | AI38: =(W38/V38*4)+(X38/V38*3)+(Y38/V38*2)+(Z38/V38*1) -> #DIV/0! | AJ38: =(AB38/AA38*4)+(AC38/AA38*3)+(AD38/AA38*2)+(AE38/AA38*1) -> #DIV/0! | AO38: =AF38*$AO$3 -> #DIV/0! | AP38: =AG38*$AP$3 -> #DIV/0! | AQ38: =AH38*$AQ$3 -> #DIV/0! | AR38: =AI38*$AR$3 -> #DIV/0! | AS38: =AJ38*$AS$3 -> #DIV/0! | AT38: =AK38*$AT$3 -> 0 | AU38: =AL38*$AU$3 -> 0 | AV38: =AM38*$AV$3 -> 0 | AW38: =(AO38)+(AP38)+(AT38)+(AU38)+(AV38) -> #DIV/0!
B39: HAND 15 | C39: 4 | AF39: =(H39/G39*4)+(I39/G39*3)+(J39/G39*2)+(K39/G39*1) -> #DIV/0! | AG39: =(M39/L39*4)+(N39/L39*3)+(O39/L39*2)+(P39/L39*1) -> #DIV/0! | AH39: =(R39/Q39*4)+(S39/Q39*3)+(T39/Q39*2)+(U39/Q39*1) -> #DIV/0! | AI39: =(W39/V39*4)+(X39/V39*3)+(Y39/V39*2)+(Z39/V39*1) -> #DIV/0! | AJ39: =(AB39/AA39*4)+(AC39/AA39*3)+(AD39/AA39*2)+(AE39/AA39*1) -> #DIV/0! | AO39: =AF39*$AO$3 -> #DIV/0! | AP39: =AG39*$AP$3 -> #DIV/0! | AQ39: =AH39*$AQ$3 -> #DIV/0! | AR39: =AI39*$AR$3 -> #DIV/0! | AS39: =AJ39*$AS$3 -> #DIV/0! | AT39: =AK39*$AT$3 -> 0 | AU39: =AL39*$AU$3 -> 0 | AV39: =AM39*$AV$3 -> 0 | AW39: =(AO39)+(AP39)+(AT39)+(AU39)+(AV39) -> #DIV/0!
A40: 1 | B40: HATIR SAYAN KG SK | C40: 59 | D40: 317000 | E40: =D40/F40 -> 31700 | F40: 10 | G40: 10 | H40: 1 | I40: 1 | J40: 1 | K40: 0 | L40: 141 | M40: 7 | N40: 11 | O40: 15 | P40: 9 | Q40: 704 | R40: 65 | S40: 57 | T40: 71 | U40: 72 | V40: 61 | W40: 6 | X40: 7 | Y40: 6 | Z40: 2 | AA40: 11 | AB40: 1 | AC40: 0 | AD40: 0 | AE40: 0 | AF40: =(H40/G40*4)+(I40/G40*3)+(J40/G40*2)+(K40/G40*1) -> 0.9 | AG40: =(M40/L40*4)+(N40/L40*3)+(O40/L40*2)+(P40/L40*1) -> 0.70921986 | AH40: =(R40/Q40*4)+(S40/Q40*3)+(T40/Q40*2)+(U40/Q40*1) -> 0.91619318 | AI40: =(W40/V40*4)+(X40/V40*3)+(Y40/V40*2)+(Z40/V40*1) -> 0.96721311 | AJ40: =(AB40/AA40*4)+(AC40/AA40*3)+(AD40/AA40*2)+(AE40/AA40*1) -> 0.36363636 | AK40: =AVERAGE(AH40:AJ40) -> 0.74901422 | AL40: =E40/MAX($E$40:$E$47) -> 0.4872051 | AM40: =(AVERAGE($C$40:$C$47)-C40)/AVERAGE($C$40:$C$47) -> -0.041942605 | AO40: =AF40*$AO$3 -> 40.5 | AP40: =AG40*$AP$3 -> 24.822695 | AQ40: =AH40*$AQ$3 -> 7.3295455 | AR40: =AI40*$AR$3 -> 5.8032787 | AS40: =AJ40*$AS$3 -> 0.72727273 | AT40: =AK40*$AT$3 -> 3.7450711 | AU40: =AL40*$AU$3 -> 2.4360255 | AV40: =AM40*$AV$3 -> -0.41942605 | AW40: =(AO40)+(AP40)+(AT40)+(AU40)+(AV40) -> 71.084366 | AY40: 3 | AZ40: 141.66955
A41: 2 | B41: TILISIM SKG SK | C41: 60.5 | D41: 469000 | E41: =D41/F41 -> 46900 | F41: 10 | G41: 10 | H41: 2 | I41: 1 | J41: 2 | K41: 2 | L41: 233 | M41: 19 | N41: 27 | O41: 19 | P41: 21 | Q41: 1637 | R41: 171 | S41: 166 | T41: 175 | U41: 184 | V41: 144 | W41: 18 | X41: 29 | Y41: 24 | Z41: 19 | AA41: 1075 | AB41: 106 | AC41: 121 | AD41: 106 | AE41: 110 | AF41: =(H41/G41*4)+(I41/G41*3)+(J41/G41*2)+(K41/G41*1) -> 1.7 | AG41: =(M41/L41*4)+(N41/L41*3)+(O41/L41*2)+(P41/L41*1) -> 0.92703863 | AH41: =(R41/Q41*4)+(S41/Q41*3)+(T41/Q41*2)+(U41/Q41*1) -> 1.048259 | AI41: =(W41/V41*4)+(X41/V41*3)+(Y41/V41*2)+(Z41/V41*1) -> 1.5694444 | AJ41: =(AB41/AA41*4)+(AC41/AA41*3)+(AD41/AA41*2)+(AE41/AA41*1) -> 1.0316279 | AK41: =AVERAGE(AH41:AJ41) -> 1.2164438 | AL41: =E41/MAX($E$40:$E$47) -> 0.72081764 | AM41: =(AVERAGE($C$40:$C$47)-C41)/AVERAGE($C$40:$C$47) -> -0.068432671 | AO41: =AF41*$AO$3 -> 76.5 | AP41: =AG41*$AP$3 -> 32.446352 | AQ41: =AH41*$AQ$3 -> 8.3860721 | AR41: =AI41*$AR$3 -> 9.4166667 | AS41: =AJ41*$AS$3 -> 2.0632558 | AT41: =AK41*$AT$3 -> 6.0822189 | AU41: =AL41*$AU$3 -> 3.6040882 | AV41: =AM41*$AV$3 -> -0.68432671 | AW41: =(AO41)+(AP41)+(AT41)+(AU41)+(AV41) -> 117.94833 | AY41: 4 | AZ41: 129.82862
A42: 3 | B42: ASİ TAHA DB SK | C42: 57 | D42: 553900 | E42: =D42/F42 -> 55390 | F42: 10 | G42: 10 | H42: 2 | I42: 0 | J42: 2 | K42: 2 | L42: 349 | M42: 90 | N42: 62 | O42: 53 | P42: 45 | Q42: 948 | R42: 65 | S42: 84 | T42: 70 | U42: 97 | V42: 132 | W42: 10 | X42: 19 | Y42: 14 | Z42: 15 | AA42: 777 | AB42: 70 | AC42: 67 | AD42: 67 | AE42: 82 | AF42: =(H42/G42*4)+(I42/G42*3)+(J42/G42*2)+(K42/G42*1) -> 1.4 | AG42: =(M42/L42*4)+(N42/L42*3)+(O42/L42*2)+(P42/L42*1) -> 1.9971347 | AH42: =(R42/Q42*4)+(S42/Q42*3)+(T42/Q42*2)+(U42/Q42*1) -> 0.79008439 | AI42: =(W42/V42*4)+(X42/V42*3)+(Y42/V42*2)+(Z42/V42*1) -> 1.0606061 | AJ42: =(AB42/AA42*4)+(AC42/AA42*3)+(AD42/AA42*2)+(AE42/AA42*1) -> 0.8970399 | AK42: =AVERAGE(AH42:AJ42) -> 0.91591012 | AL42: =E42/MAX($E$40:$E$47) -> 0.85130254 | AM42: =(AVERAGE($C$40:$C$47)-C42)/AVERAGE($C$40:$C$47) -> -0.0066225166 | AO42: =AF42*$AO$3 -> 63 | AP42: =AG42*$AP$3 -> 69.899713 | AQ42: =AH42*$AQ$3 -> 6.3206751 | AR42: =AI42*$AR$3 -> 6.3636364 | AS42: =AJ42*$AS$3 -> 1.7940798 | AT42: =AK42*$AT$3 -> 4.5795506 | AU42: =AL42*$AU$3 -> 4.2565127 | AV42: =AM42*$AV$3 -> -0.066225166 | AW42: =(AO42)+(AP42)+(AT42)+(AU42)+(AV42) -> 141.66955 | AY42: 6 | AZ42: 124.07546
A43: 4 | B43: PİYANİST SKG SK | C43: 57 | D43: 493175 | E43: =D43/F43 -> 49317.5 | F43: 10 | G43: 10 | H43: 1 | I43: 1 | J43: 4 | K43: 0 | L43: 338 | M43: 48 | N43: 61 | O43: 47 | P43: 55 | Q43: 92 | R43: 14 | S43: 13 | T43: 16 | U43: 10 | V43: 17 | W43: 1 | X43: 1 | Y43: 6 | Z43: 0 | AA43: 1 | AB43: 0 | AC43: 0 | AD43: 0 | AE43: 0 | AF43: =(H43/G43*4)+(I43/G43*3)+(J43/G43*2)+(K43/G43*1) -> 1.5 | AG43: =(M43/L43*4)+(N43/L43*3)+(O43/L43*2)+(P43/L43*1) -> 1.5502959 | AH43: =(R43/Q43*4)+(S43/Q43*3)+(T43/Q43*2)+(U43/Q43*1) -> 1.4891304 | AI43: =(W43/V43*4)+(X43/V43*3)+(Y43/V43*2)+(Z43/V43*1) -> 1.1176471 | AJ43: =(AB43/AA43*4)+(AC43/AA43*3)+(AD43/AA43*2)+(AE43/AA43*1) -> 0 | AK43: =AVERAGE(AH43:AJ43) -> 0.86892583 | AL43: =E43/MAX($E$40:$E$47) -> 0.7579728 | AM43: =(AVERAGE($C$40:$C$47)-C43)/AVERAGE($C$40:$C$47) -> -0.0066225166 | AO43: =AF43*$AO$3 -> 67.5 | AP43: =AG43*$AP$3 -> 54.260355 | AQ43: =AH43*$AQ$3 -> 11.913043 | AR43: =AI43*$AR$3 -> 6.7058824 | AS43: =AJ43*$AS$3 -> 0 | AT43: =AK43*$AT$3 -> 4.3446292 | AU43: =AL43*$AU$3 -> 3.789864 | AV43: =AM43*$AV$3 -> -0.066225166 | AW43: =(AO43)+(AP43)+(AT43)+(AU43)+(AV43) -> 129.82862 | AY43: 2 | AZ43: 117.94833
A44: 5 | B44: AFRAŞAH KG DB | C44: 56.5 | D44: 264300 | E44: =D44/F44 -> 52860 | F44: 5 | G44: 5 | H44: 1 | I44: 0 | J44: 1 | K44: 0 | L44: 84 | M44: 9 | N44: 5 | O44: 8 | P44: 13 | Q44: 485 | R44: 56 | S44: 47 | T44: 56 | U44: 36 | V44: 12 | W44: 1 | X44: 0 | Y44: 1 | Z44: 0 | AA44: 1344 | AB44: 208 | AC44: 166 | AD44: 154 | AE44: 138 | AF44: =(H44/G44*4)+(I44/G44*3)+(J44/G44*2)+(K44/G44*1) -> 1.2 | AG44: =(M44/L44*4)+(N44/L44*3)+(O44/L44*2)+(P44/L44*1) -> 0.95238095 | AH44: =(R44/Q44*4)+(S44/Q44*3)+(T44/Q44*2)+(U44/Q44*1) -> 1.057732 | AI44: =(W44/V44*4)+(X44/V44*3)+(Y44/V44*2)+(Z44/V44*1) -> 0.5 | AJ44: =(AB44/AA44*4)+(AC44/AA44*3)+(AD44/AA44*2)+(AE44/AA44*1) -> 1.3214286 | AK44: =AVERAGE(AH44:AJ44) -> 0.95972018 | AL44: =E44/MAX($E$40:$E$47) -> 0.81241835 | AM44: =(AVERAGE($C$40:$C$47)-C44)/AVERAGE($C$40:$C$47) -> 0.0022075055 | AO44: =AF44*$AO$3 -> 54 | AP44: =AG44*$AP$3 -> 33.333333 | AQ44: =AH44*$AQ$3 -> 8.4618557 | AR44: =AI44*$AR$3 -> 3 | AS44: =AJ44*$AS$3 -> 2.6428571 | AT44: =AK44*$AT$3 -> 4.7986009 | AU44: =AL44*$AU$3 -> 4.0620918 | AV44: =AM44*$AV$3 -> 0.022075055 | AW44: =(AO44)+(AP44)+(AT44)+(AU44)+(AV44) -> 96.216101 | AY44: 7 | AZ44: 117.32094
A45: 6 | B45: MUTEBER KG DB SK | C45: 53 | D45: 650650 | E45: =D45/F45 -> 65065 | F45: 10 | G45: 10 | H45: 1 | I45: 4 | J45: 1 | K45: 0 | L45: 113 | M45: 9 | N45: 11 | O45: 12 | P45: 10 | Q45: 144 | R45: 9 | S45: 15 | T45: 6 | U45: 16 | V45: 41 | W45: 7 | X45: 7 | Y45: 5 | Z45: 2 | AA45: 294 | AB45: 42 | AC45: 21 | AD45: 27 | AE45: 31 | AF45: =(H45/G45*4)+(I45/G45*3)+(J45/G45*2)+(K45/G45*1) -> 1.8 | AG45: =(M45/L45*4)+(N45/L45*3)+(O45/L45*2)+(P45/L45*1) -> 0.91150442 | AH45: =(R45/Q45*4)+(S45/Q45*3)+(T45/Q45*2)+(U45/Q45*1) -> 0.75694444 | AI45: =(W45/V45*4)+(X45/V45*3)+(Y45/V45*2)+(Z45/V45*1) -> 1.4878049 | AJ45: =(AB45/AA45*4)+(AC45/AA45*3)+(AD45/AA45*2)+(AE45/AA45*1) -> 1.0748299 | AK45: =AVERAGE(AH45:AJ45) -> 1.1065264 | AL45: =E45/MAX($E$40:$E$47) -> 1 | AM45: =(AVERAGE($C$40:$C$47)-C45)/AVERAGE($C$40:$C$47) -> 0.06401766 | AO45: =AF45*$AO$3 -> 81 | AP45: =AG45*$AP$3 -> 31.902655 | AQ45: =AH45*$AQ$3 -> 6.0555556 | AR45: =AI45*$AR$3 -> 8.9268293 | AS45: =AJ45*$AS$3 -> 2.1496599 | AT45: =AK45*$AT$3 -> 5.5326321 | AU45: =AL45*$AU$3 -> 5 | AV45: =AM45*$AV$3 -> 0.6401766 | AW45: =(AO45)+(AP45)+(AT45)+(AU45)+(AV45) -> 124.07546 | AY45: 5 | AZ45: 96.216101
A46: 7 | B46: OLİVA KG | C46: 56 | D46: 282100 | E46: =D46/F46 -> 56420 | F46: 5 | G46: 5 | H46: 1 | I46: 0 | J46: 1 | K46: 1 | L46: 439 | M46: 67 | N46: 50 | O46: 50 | P46: 57 | Q46: 349 | R46: 19 | S46: 16 | T46: 22 | U46: 36 | V46: 165 | W46: 15 | X46: 11 | Y46: 14 | Z46: 17 | AA46: 10343 | AB46: 1077 | AC46: 1012 | AD46: 967 | AE46: 1048 | AF46: =(H46/G46*4)+(I46/G46*3)+(J46/G46*2)+(K46/G46*1) -> 1.4 | AG46: =(M46/L46*4)+(N46/L46*3)+(O46/L46*2)+(P46/L46*1) -> 1.309795 | AH46: =(R46/Q46*4)+(S46/Q46*3)+(T46/Q46*2)+(U46/Q46*1) -> 0.58452722 | AI46: =(W46/V46*4)+(X46/V46*3)+(Y46/V46*2)+(Z46/V46*1) -> 0.83636364 | AJ46: =(AB46/AA46*4)+(AC46/AA46*3)+(AD46/AA46*2)+(AE46/AA46*1) -> 0.99835638 | AK46: =AVERAGE(AH46:AJ46) -> 0.80641574 | AL46: =E46/MAX($E$40:$E$47) -> 0.86713287 | AM46: =(AVERAGE($C$40:$C$47)-C46)/AVERAGE($C$40:$C$47) -> 0.011037528 | AO46: =AF46*$AO$3 -> 63 | AP46: =AG46*$AP$3 -> 45.842825 | AQ46: =AH46*$AQ$3 -> 4.6762178 | AR46: =AI46*$AR$3 -> 5.0181818 | AS46: =AJ46*$AS$3 -> 1.9967128 | AT46: =AK46*$AT$3 -> 4.0320787 | AU46: =AL46*$AU$3 -> 4.3356643 | AV46: =AM46*$AV$3 -> 0.11037528 | AW46: =(AO46)+(AP46)+(AT46)+(AU46)+(AV46) -> 117.32094 | AY46: 8 | AZ46: 78.521065
A47: 8 | B47: BATI RÜZGARI KG K GKR | C47: 54 | D47: 347850 | E47: =D47/F47 -> 34785 | F47: 10 | G47: 10 | H47: 2 | I47: 0 | J47: 0 | K47: 0 | L47: 383 | M47: 39 | N47: 36 | O47: 33 | P47: 49 | Q47: 1400 | R47: 151 | S47: 131 | T47: 123 | U47: 124 | V47: 75 | W47: 9 | X47: 4 | Y47: 6 | Z47: 4 | AA47: 14360 | AB47: 1509 | AC47: 1475 | AD47: 1390 | AE47: 1409 | AF47: =(H47/G47*4)+(I47/G47*3)+(J47/G47*2)+(K47/G47*1) -> 0.8 | AG47: =(M47/L47*4)+(N47/L47*3)+(O47/L47*2)+(P47/L47*1) -> 0.98955614 | AH47: =(R47/Q47*4)+(S47/Q47*3)+(T47/Q47*2)+(U47/Q47*1) -> 0.97642857 | AI47: =(W47/V47*4)+(X47/V47*3)+(Y47/V47*2)+(Z47/V47*1) -> 0.85333333 | AJ47: =(AB47/AA47*4)+(AC47/AA47*3)+(AD47/AA47*2)+(AE47/AA47*1) -> 1.020195 | AK47: =AVERAGE(AH47:AJ47) -> 0.94998563 | AL47: =E47/MAX($E$40:$E$47) -> 0.53461923 | AM47: =(AVERAGE($C$40:$C$47)-C47)/AVERAGE($C$40:$C$47) -> 0.046357616 | AO47: =AF47*$AO$3 -> 36 | AP47: =AG47*$AP$3 -> 34.634465 | AQ47: =AH47*$AQ$3 -> 7.8114286 | AR47: =AI47*$AR$3 -> 5.12 | AS47: =AJ47*$AS$3 -> 2.04039 | AT47: =AK47*$AT$3 -> 4.7499282 | AU47: =AL47*$AU$3 -> 2.6730961 | AV47: =AM47*$AV$3 -> 0.46357616 | AW47: =(AO47)+(AP47)+(AT47)+(AU47)+(AV47) -> 78.521065 | AY47: 1 | AZ47: 71.084366
AF48: =(H48/G48*4)+(I48/G48*3)+(J48/G48*2)+(K48/G48*1) -> #DIV/0! | AG48: =(M48/L48*4)+(N48/L48*3)+(O48/L48*2)+(P48/L48*1) -> #DIV/0! | AH48: =(R48/Q48*4)+(S48/Q48*3)+(T48/Q48*2)+(U48/Q48*1) -> #DIV/0! | AI48: =(W48/V48*4)+(X48/V48*3)+(Y48/V48*2)+(Z48/V48*1) -> #DIV/0! | AJ48: =(AB48/AA48*4)+(AC48/AA48*3)+(AD48/AA48*2)+(AE48/AA48*1) -> #DIV/0! | AO48: =AF48*$AO$3 -> #DIV/0! | AP48: =AG48*$AP$3 -> #DIV/0! | AQ48: =AH48*$AQ$3 -> #DIV/0! | AR48: =AI48*$AR$3 -> #DIV/0! | AS48: =AJ48*$AS$3 -> #DIV/0! | AT48: =AK48*$AT$3 -> 0 | AU48: =AL48*$AU$3 -> 0 | AV48: =AM48*$AV$3 -> 0 | AW48: =(AO48)+(AP48)+(AT48)+(AU48)+(AV48) -> #DIV/0!
B49: HAND 15 | C49: 5 | AF49: =(H49/G49*4)+(I49/G49*3)+(J49/G49*2)+(K49/G49*1) -> #DIV/0! | AG49: =(M49/L49*4)+(N49/L49*3)+(O49/L49*2)+(P49/L49*1) -> #DIV/0! | AH49: =(R49/Q49*4)+(S49/Q49*3)+(T49/Q49*2)+(U49/Q49*1) -> #DIV/0! | AI49: =(W49/V49*4)+(X49/V49*3)+(Y49/V49*2)+(Z49/V49*1) -> #DIV/0! | AJ49: =(AB49/AA49*4)+(AC49/AA49*3)+(AD49/AA49*2)+(AE49/AA49*1) -> #DIV/0! | AO49: =AF49*$AO$3 -> #DIV/0! | AP49: =AG49*$AP$3 -> #DIV/0! | AQ49: =AH49*$AQ$3 -> #DIV/0! | AR49: =AI49*$AR$3 -> #DIV/0! | AS49: =AJ49*$AS$3 -> #DIV/0! | AT49: =AK49*$AT$3 -> 0 | AU49: =AL49*$AU$3 -> 0 | AV49: =AM49*$AV$3 -> 0 | AW49: =(AO49)+(AP49)+(AT49)+(AU49)+(AV49) -> #DIV/0!
A50: 1 | B50: VALERIA SKG SK | C50: 60 | D50: 669250 | E50: =D50/F50 -> 66925 | F50: 10 | G50: 10 | H50: 4 | I50: 2 | J50: 0 | K50: 2 | L50: 214 | M50: 25 | N50: 15 | O50: 27 | P50: 33 | Q50: 3744 | R50: 534 | S50: 501 | T50: 453 | U50: 428 | V50: 188 | W50: 28 | X50: 22 | Y50: 23 | Z50: 26 | AA50: 13869 | AB50: 1610 | AC50: 1613 | AD50: 1515 | AE50: 1535 | AF50: =(H50/G50*4)+(I50/G50*3)+(J50/G50*2)+(K50/G50*1) -> 2.4 | AG50: =(M50/L50*4)+(N50/L50*3)+(O50/L50*2)+(P50/L50*1) -> 1.0841121 | AH50: =(R50/Q50*4)+(S50/Q50*3)+(T50/Q50*2)+(U50/Q50*1) -> 1.3282585 | AI50: =(W50/V50*4)+(X50/V50*3)+(Y50/V50*2)+(Z50/V50*1) -> 1.3297872 | AJ50: =(AB50/AA50*4)+(AC50/AA50*3)+(AD50/AA50*2)+(AE50/AA50*1) -> 1.1424039 | AK50: =AVERAGE(AH50:AJ50) -> 1.2668166 | AL50: =E50/MAX($E$50:$E$57) -> 1 | AM50: =(AVERAGE($C$50:$C$57)-C50)/AVERAGE($C$50:$C$57) -> -0.088435374 | AO50: =AF50*$AO$3 -> 108 | AP50: =AG50*$AP$3 -> 37.943925 | AQ50: =AH50*$AQ$3 -> 10.626068 | AR50: =AI50*$AR$3 -> 7.9787234 | AS50: =AJ50*$AS$3 -> 2.2848078 | AT50: =AK50*$AT$3 -> 6.3340828 | AU50: =AL50*$AU$3 -> 5 | AV50: =AM50*$AV$3 -> -0.88435374 | AW50: =(AO50)+(AP50)+(AT50)+(AU50)+(AV50) -> 156.39365 | AY50: 1 | AZ50: 156.39365
A51: 2 | B51: SEASIDE SONG K DB | C51: 59.5 | D51: 210825 | E51: =D51/F51 -> 21082.5 | F51: 10 | G51: 10 | H51: 1 | I51: 0 | J51: 0 | K51: 1 | L51: 353 | M51: 51 | N51: 62 | O51: 48 | P51: 57 | Q51: 12137 | R51: 1512 | S51: 1396 | T51: 1445 | U51: 1278 | V51: 25 | W51: 4 | X51: 2 | Y51: 1 | Z51: 4 | AA51: 300 | AB51: 42 | AC51: 44 | AD51: 37 | AE51: 30 | AF51: =(H51/G51*4)+(I51/G51*3)+(J51/G51*2)+(K51/G51*1) -> 0.5 | AG51: =(M51/L51*4)+(N51/L51*3)+(O51/L51*2)+(P51/L51*1) -> 1.5382436 | AH51: =(R51/Q51*4)+(S51/Q51*3)+(T51/Q51*2)+(U51/Q51*1) -> 1.1867842 | AI51: =(W51/V51*4)+(X51/V51*3)+(Y51/V51*2)+(Z51/V51*1) -> 1.12 | AJ51: =(AB51/AA51*4)+(AC51/AA51*3)+(AD51/AA51*2)+(AE51/AA51*1) -> 1.3466667 | AK51: =AVERAGE(AH51:AJ51) -> 1.217817 | AL51: =E51/MAX($E$50:$E$57) -> 0.31501681 | AM51: =(AVERAGE($C$50:$C$57)-C51)/AVERAGE($C$50:$C$57) -> -0.079365079 | AO51: =AF51*$AO$3 -> 22.5 | AP51: =AG51*$AP$3 -> 53.838527 | AQ51: =AH51*$AQ$3 -> 9.4942737 | AR51: =AI51*$AR$3 -> 6.72 | AS51: =AJ51*$AS$3 -> 2.6933333 | AT51: =AK51*$AT$3 -> 6.0890848 | AU51: =AL51*$AU$3 -> 1.575084 | AV51: =AM51*$AV$3 -> -0.79365079 | AW51: =(AO51)+(AP51)+(AT51)+(AU51)+(AV51) -> 83.209045 | AY51: 4 | AZ51: 151.41696
A52: 3 | B52: MAKAWEE KG DB SK | C52: 57 | D52: 405975 | E52: =D52/F52 -> 40597.5 | F52: 10 | G52: 10 | H52: 2 | I52: 1 | J52: 1 | K52: 0 | L52: 148 | M52: 9 | N52: 20 | O52: 14 | P52: 17 | Q52: 14434 | R52: 1830 | S52: 1737 | T52: 1762 | U52: 1698 | V52: 233 | W52: 29 | X52: 28 | Y52: 26 | Z52: 29 | AA52: 473 | AB52: 42 | AC52: 43 | AD52: 42 | AE52: 52 | AF52: =(H52/G52*4)+(I52/G52*3)+(J52/G52*2)+(K52/G52*1) -> 1.3 | AG52: =(M52/L52*4)+(N52/L52*3)+(O52/L52*2)+(P52/L52*1) -> 0.9527027 | AH52: =(R52/Q52*4)+(S52/Q52*3)+(T52/Q52*2)+(U52/Q52*1) -> 1.2299432 | AI52: =(W52/V52*4)+(X52/V52*3)+(Y52/V52*2)+(Z52/V52*1) -> 1.2060086 | AJ52: =(AB52/AA52*4)+(AC52/AA52*3)+(AD52/AA52*2)+(AE52/AA52*1) -> 0.9154334 | AK52: =AVERAGE(AH52:AJ52) -> 1.1171284 | AL52: =E52/MAX($E$50:$E$57) -> 0.60661188 | AM52: =(AVERAGE($C$50:$C$57)-C52)/AVERAGE($C$50:$C$57) -> -0.034013605 | AO52: =AF52*$AO$3 -> 58.5 | AP52: =AG52*$AP$3 -> 33.344595 | AQ52: =AH52*$AQ$3 -> 9.8395455 | AR52: =AI52*$AR$3 -> 7.2360515 | AS52: =AJ52*$AS$3 -> 1.8308668 | AT52: =AK52*$AT$3 -> 5.585642 | AU52: =AL52*$AU$3 -> 3.0330594 | AV52: =AM52*$AV$3 -> -0.34013605 | AW52: =(AO52)+(AP52)+(AT52)+(AU52)+(AV52) -> 100.12316 | AY52: 3 | AZ52: 100.12316
A53: 4 | B53: AMELİA DB SKG SK | C53: 57 | D53: 380450 | E53: =D53/F53 -> 38045 | F53: 10 | G53: 10 | H53: 1 | I53: 3 | J53: 1 | K53: 2 | L53: 361 | M53: 86 | N53: 62 | O53: 54 | P53: 39 | Q53: 1164 | R53: 107 | S53: 117 | T53: 106 | U53: 127 | V53: 45 | W53: 8 | X53: 12 | Y53: 9 | Z53: 5 | AA53: 9527 | AB53: 1008 | AC53: 1061 | AD53: 1026 | AE53: 1059 | AF53: =(H53/G53*4)+(I53/G53*3)+(J53/G53*2)+(K53/G53*1) -> 1.7 | AG53: =(M53/L53*4)+(N53/L53*3)+(O53/L53*2)+(P53/L53*1) -> 1.8753463 | AH53: =(R53/Q53*4)+(S53/Q53*3)+(T53/Q53*2)+(U53/Q53*1) -> 0.9604811 | AI53: =(W53/V53*4)+(X53/V53*3)+(Y53/V53*2)+(Z53/V53*1) -> 2.0222222 | AJ53: =(AB53/AA53*4)+(AC53/AA53*3)+(AD53/AA53*2)+(AE53/AA53*1) -> 1.0838669 | AK53: =AVERAGE(AH53:AJ53) -> 1.3555234 | AL53: =E53/MAX($E$50:$E$57) -> 0.56847217 | AM53: =(AVERAGE($C$50:$C$57)-C53)/AVERAGE($C$50:$C$57) -> -0.034013605 | AO53: =AF53*$AO$3 -> 76.5 | AP53: =AG53*$AP$3 -> 65.637119 | AQ53: =AH53*$AQ$3 -> 7.6838488 | AR53: =AI53*$AR$3 -> 12.133333 | AS53: =AJ53*$AS$3 -> 2.1677338 | AT53: =AK53*$AT$3 -> 6.777617 | AU53: =AL53*$AU$3 -> 2.8423609 | AV53: =AM53*$AV$3 -> -0.34013605 | AW53: =(AO53)+(AP53)+(AT53)+(AU53)+(AV53) -> 151.41696 | AY53: 6 | AZ53: 98.533217
A54: 5 | B54: MY SECRET LOVE SK | C54: 55 | D54: 374700 | E54: =D54/F54 -> 37470 | F54: 10 | G54: 10 | H54: 2 | I54: 1 | J54: 0 | K54: 0 | L54: 153 | M54: 12 | N54: 11 | O54: 11 | P54: 13 | Q54: 14434 | R54: 1830 | S54: 1737 | T54: 1762 | U54: 1698 | V54: 241 | W54: 34 | X54: 31 | Y54: 32 | Z54: 31 | AA54: 4370 | AB54: 443 | AC54: 445 | AD54: 465 | AE54: 449 | AF54: =(H54/G54*4)+(I54/G54*3)+(J54/G54*2)+(K54/G54*1) -> 1.1 | AG54: =(M54/L54*4)+(N54/L54*3)+(O54/L54*2)+(P54/L54*1) -> 0.75816993 | AH54: =(R54/Q54*4)+(S54/Q54*3)+(T54/Q54*2)+(U54/Q54*1) -> 1.2299432 | AI54: =(W54/V54*4)+(X54/V54*3)+(Y54/V54*2)+(Z54/V54*1) -> 1.3443983 | AJ54: =(AB54/AA54*4)+(AC54/AA54*3)+(AD54/AA54*2)+(AE54/AA54*1) -> 1.0265446 | AK54: =AVERAGE(AH54:AJ54) -> 1.2002954 | AL54: =E54/MAX($E$50:$E$57) -> 0.55988046 | AM54: =(AVERAGE($C$50:$C$57)-C54)/AVERAGE($C$50:$C$57) -> 0.0022675737 | AO54: =AF54*$AO$3 -> 49.5 | AP54: =AG54*$AP$3 -> 26.535948 | AQ54: =AH54*$AQ$3 -> 9.8395455 | AR54: =AI54*$AR$3 -> 8.06639 | AS54: =AJ54*$AS$3 -> 2.0530892 | AT54: =AK54*$AT$3 -> 6.0014769 | AU54: =AL54*$AU$3 -> 2.7994023 | AV54: =AM54*$AV$3 -> 0.022675737 | AW54: =(AO54)+(AP54)+(AT54)+(AU54)+(AV54) -> 84.859503 | AY54: 5 | AZ54: 84.859503
A55: 6 | B55: ALAGİDİN KG DB SK | C55: 50 | D55: 374150 | E55: =D55/F55 -> 37415 | F55: 10 | G55: 10 | H55: 1 | I55: 2 | J55: 1 | K55: 1 | L55: 129 | M55: 14 | N55: 8 | O55: 11 | P55: 12 | Q55: 2073 | R55: 214 | S55: 233 | T55: 208 | U55: 226 | V55: 186 | W55: 19 | X55: 16 | Y55: 23 | Z55: 26 | AA55: 9999 | AB55: 1158 | AC55: 1074 | AD55: 1094 | AE55: 1089 | AF55: =(H55/G55*4)+(I55/G55*3)+(J55/G55*2)+(K55/G55*1) -> 1.3 | AG55: =(M55/L55*4)+(N55/L55*3)+(O55/L55*2)+(P55/L55*1) -> 0.88372093 | AH55: =(R55/Q55*4)+(S55/Q55*3)+(T55/Q55*2)+(U55/Q55*1) -> 1.0598167 | AI55: =(W55/V55*4)+(X55/V55*3)+(Y55/V55*2)+(Z55/V55*1) -> 1.0537634 | AJ55: =(AB55/AA55*4)+(AC55/AA55*3)+(AD55/AA55*2)+(AE55/AA55*1) -> 1.1132113 | AK55: =AVERAGE(AH55:AJ55) -> 1.0755972 | AL55: =E55/MAX($E$50:$E$57) -> 0.55905865 | AM55: =(AVERAGE($C$50:$C$57)-C55)/AVERAGE($C$50:$C$57) -> 0.092970522 | AO55: =AF55*$AO$3 -> 58.5 | AP55: =AG55*$AP$3 -> 30.930233 | AQ55: =AH55*$AQ$3 -> 8.4785335 | AR55: =AI55*$AR$3 -> 6.3225806 | AS55: =AJ55*$AS$3 -> 2.2264226 | AT55: =AK55*$AT$3 -> 5.3779858 | AU55: =AL55*$AU$3 -> 2.7952932 | AV55: =AM55*$AV$3 -> 0.92970522 | AW55: =(AO55)+(AP55)+(AT55)+(AU55)+(AV55) -> 98.533217 | AY55: 2 | AZ55: 83.209045
A56: 7 | B56: GLOWMANE SKG SK SGKR | C56: 52.5 | D56: 235850 | E56: =D56/F56 -> 23585 | F56: 10 | G56: 10 | H56: 0 | I56: 2 | J56: 2 | K56: 0 | L56: 153 | M56: 10 | N56: 12 | O56: 9 | P56: 18 | Q56: 165 | R56: 9 | S56: 26 | T56: 23 | U56: 19 | V56: 16 | W56: 0 | X56: 4 | Y56: 3 | Z56: 0 | AA56: 53 | AB56: 4 | AC56: 7 | AD56: 9 | AE56: 4 | AF56: =(H56/G56*4)+(I56/G56*3)+(J56/G56*2)+(K56/G56*1) -> 1 | AG56: =(M56/L56*4)+(N56/L56*3)+(O56/L56*2)+(P56/L56*1) -> 0.73202614 | AH56: =(R56/Q56*4)+(S56/Q56*3)+(T56/Q56*2)+(U56/Q56*1) -> 1.0848485 | AI56: =(W56/V56*4)+(X56/V56*3)+(Y56/V56*2)+(Z56/V56*1) -> 1.125 | AJ56: =(AB56/AA56*4)+(AC56/AA56*3)+(AD56/AA56*2)+(AE56/AA56*1) -> 1.1132075 | AK56: =AVERAGE(AH56:AJ56) -> 1.1076853 | AL56: =E56/MAX($E$50:$E$57) -> 0.35240941 | AM56: =(AVERAGE($C$50:$C$57)-C56)/AVERAGE($C$50:$C$57) -> 0.047619048 | AO56: =AF56*$AO$3 -> 45 | AP56: =AG56*$AP$3 -> 25.620915 | AQ56: =AH56*$AQ$3 -> 8.6787879 | AR56: =AI56*$AR$3 -> 6.75 | AS56: =AJ56*$AS$3 -> 2.2264151 | AT56: =AK56*$AT$3 -> 5.5384267 | AU56: =AL56*$AU$3 -> 1.7620471 | AV56: =AM56*$AV$3 -> 0.47619048 | AW56: =(AO56)+(AP56)+(AT56)+(AU56)+(AV56) -> 78.397579 | AY56: 8 | AZ56: 81.110728
A57: 8 | B57: POWER OF LAV K DB | C57: 50 | D57: 260300 | E57: =D57/F57 -> 43383.333 | F57: 6 | G57: 6 | H57: 1 | I57: 0 | J57: 0 | K57: 1 | L57: 76 | M57: 8 | N57: 5 | O57: 8 | P57: 11 | Q57: 311 | R57: 46 | S57: 31 | T57: 34 | U57: 32 | V57: 6 | W57: 1 | X57: 0 | Y57: 0 | Z57: 1 | AA57: 2860 | AB57: 347 | AC57: 306 | AD57: 360 | AE57: 323 | AF57: =(H57/G57*4)+(I57/G57*3)+(J57/G57*2)+(K57/G57*1) -> 0.83333333 | AG57: =(M57/L57*4)+(N57/L57*3)+(O57/L57*2)+(P57/L57*1) -> 0.97368421 | AH57: =(R57/Q57*4)+(S57/Q57*3)+(T57/Q57*2)+(U57/Q57*1) -> 1.2122186 | AI57: =(W57/V57*4)+(X57/V57*3)+(Y57/V57*2)+(Z57/V57*1) -> 0.83333333 | AJ57: =(AB57/AA57*4)+(AC57/AA57*3)+(AD57/AA57*2)+(AE57/AA57*1) -> 1.170979 | AK57: =AVERAGE(AH57:AJ57) -> 1.072177 | AL57: =E57/MAX($E$50:$E$57) -> 0.64823808 | AM57: =(AVERAGE($C$50:$C$57)-C57)/AVERAGE($C$50:$C$57) -> 0.092970522 | AO57: =AF57*$AO$3 -> 37.5 | AP57: =AG57*$AP$3 -> 34.078947 | AQ57: =AH57*$AQ$3 -> 9.6977492 | AR57: =AI57*$AR$3 -> 5 | AS57: =AJ57*$AS$3 -> 2.341958 | AT57: =AK57*$AT$3 -> 5.360885 | AU57: =AL57*$AU$3 -> 3.2411904 | AV57: =AM57*$AV$3 -> 0.92970522 | AW57: =(AO57)+(AP57)+(AT57)+(AU57)+(AV57) -> 81.110728 | AY57: 7 | AZ57: 78.397579
AF58: =(H58/G58*4)+(I58/G58*3)+(J58/G58*2)+(K58/G58*1) -> #DIV/0! | AG58: =(M58/L58*4)+(N58/L58*3)+(O58/L58*2)+(P58/L58*1) -> #DIV/0! | AH58: =(R58/Q58*4)+(S58/Q58*3)+(T58/Q58*2)+(U58/Q58*1) -> #DIV/0! | AI58: =(W58/V58*4)+(X58/V58*3)+(Y58/V58*2)+(Z58/V58*1) -> #DIV/0! | AJ58: =(AB58/AA58*4)+(AC58/AA58*3)+(AD58/AA58*2)+(AE58/AA58*1) -> #DIV/0! | AO58: =AF58*$AO$3 -> #DIV/0! | AP58: =AG58*$AP$3 -> #DIV/0! | AQ58: =AH58*$AQ$3 -> #DIV/0! | AR58: =AI58*$AR$3 -> #DIV/0! | AS58: =AJ58*$AS$3 -> #DIV/0! | AT58: =AK58*$AT$3 -> 0 | AU58: =AL58*$AU$3 -> 0 | AV58: =AM58*$AV$3 -> 0 | AW58: =(AO58)+(AP58)+(AT58)+(AU58)+(AV58) -> #DIV/0!
B59: ŞARTLI 1 | C59: 6 | AF59: =(H59/G59*4)+(I59/G59*3)+(J59/G59*2)+(K59/G59*1) -> #DIV/0! | AG59: =(M59/L59*4)+(N59/L59*3)+(O59/L59*2)+(P59/L59*1) -> #DIV/0! | AH59: =(R59/Q59*4)+(S59/Q59*3)+(T59/Q59*2)+(U59/Q59*1) -> #DIV/0! | AI59: =(W59/V59*4)+(X59/V59*3)+(Y59/V59*2)+(Z59/V59*1) -> #DIV/0! | AJ59: =(AB59/AA59*4)+(AC59/AA59*3)+(AD59/AA59*2)+(AE59/AA59*1) -> #DIV/0! | AO59: =AF59*$AO$3 -> #DIV/0! | AP59: =AG59*$AP$3 -> #DIV/0! | AQ59: =AH59*$AQ$3 -> #DIV/0! | AR59: =AI59*$AR$3 -> #DIV/0! | AS59: =AJ59*$AS$3 -> #DIV/0! | AT59: =AK59*$AT$3 -> 0 | AU59: =AL59*$AU$3 -> 0 | AV59: =AM59*$AV$3 -> 0 | AW59: =(AO59)+(AP59)+(AT59)+(AU59)+(AV59) -> #DIV/0!
A60: 1 | B60: ÇELİKOVİÇ | C60: 57 | D60: 0 | E60: 1 | F60: 1 | G60: 1 | H60: 0 | I60: 0 | J60: 0 | K60: 0 | L60: 10 | M60: 0 | N60: 0 | O60: 0 | P60: 2 | Q60: 256 | R60: 18 | S60: 32 | T60: 31 | U60: 19 | V60: 40 | W60: 1 | X60: 0 | Y60: 4 | Z60: 1 | AA60: 1615 | AB60: 207 | AC60: 176 | AD60: 167 | AE60: 142 | AF60: =(H60/G60*4)+(I60/G60*3)+(J60/G60*2)+(K60/G60*1) -> 0 | AG60: =(M60/L60*4)+(N60/L60*3)+(O60/L60*2)+(P60/L60*1) -> 0.2 | AH60: =(R60/Q60*4)+(S60/Q60*3)+(T60/Q60*2)+(U60/Q60*1) -> 0.97265625 | AI60: =(W60/V60*4)+(X60/V60*3)+(Y60/V60*2)+(Z60/V60*1) -> 0.325 | AJ60: =(AB60/AA60*4)+(AC60/AA60*3)+(AD60/AA60*2)+(AE60/AA60*1) -> 1.1343653 | AK60: =AVERAGE(AH60:AJ60) -> 0.81067386 | AL60: =E60/MAX($E$60:$E$68) -> 1 | AM60: =(AVERAGE($C$60:$C$68)-C60)/AVERAGE($C$60:$C$68) -> 0 | AO60: =AF60*$AO$3 -> 0 | AP60: =AG60*$AP$3 -> 7 | AQ60: =AH60*$AQ$3 -> 7.78125 | AR60: =AI60*$AR$3 -> 1.95 | AS60: =AJ60*$AS$3 -> 2.2687307 | AT60: =AK60*$AT$3 -> 4.0533693 | AU60: =AL60*$AU$3 -> 5 | AV60: =AM60*$AV$3 -> 0 | AW60: =(AO60)+(AP60)+(AT60)+(AU60)+(AV60) -> 16.053369 | AY60: 4 | AZ60: 73.649107
A61: 2 | B61: EGEMEN TAY K | C61: 57 | D61: 0 | E61: =D61/F61 -> 0 | F61: 1 | G61: 1 | H61: 0 | I61: 0 | J61: 0 | K61: 0 | L61: 361 | M61: 51 | N61: 63 | O61: 48 | P61: 59 | Q61: 3703 | R61: 453 | S61: 416 | T61: 426 | U61: 351 | V61: 87 | W61: 21 | X61: 14 | Y61: 20 | Z61: 10 | AA61: 2460 | AB61: 254 | AC61: 256 | AD61: 280 | AE61: 271 | AF61: =(H61/G61*4)+(I61/G61*3)+(J61/G61*2)+(K61/G61*1) -> 0 | AG61: =(M61/L61*4)+(N61/L61*3)+(O61/L61*2)+(P61/L61*1) -> 1.5180055 | AH61: =(R61/Q61*4)+(S61/Q61*3)+(T61/Q61*2)+(U61/Q61*1) -> 1.1512287 | AI61: =(W61/V61*4)+(X61/V61*3)+(Y61/V61*2)+(Z61/V61*1) -> 2.0229885 | AJ61: =(AB61/AA61*4)+(AC61/AA61*3)+(AD61/AA61*2)+(AE61/AA61*1) -> 1.0630081 | AK61: =AVERAGE(AH61:AJ61) -> 1.4124085 | AL61: =E61/MAX($E$50:$E$57) -> 0 | AM61: =(AVERAGE($C$60:$C$68)-C61)/AVERAGE($C$60:$C$68) -> 0 | AO61: =AF61*$AO$3 -> 0 | AP61: =AG61*$AP$3 -> 53.130194 | AQ61: =AH61*$AQ$3 -> 9.2098299 | AR61: =AI61*$AR$3 -> 12.137931 | AS61: =AJ61*$AS$3 -> 2.1260163 | AT61: =AK61*$AT$3 -> 7.0620423 | AU61: =AL61*$AU$3 -> 0 | AV61: =AM61*$AV$3 -> 0 | AW61: =(AO61)+(AP61)+(AT61)+(AU61)+(AV61) -> 60.192236 | AY61: 9 | AZ61: 72.907827
A62: 3 | B62: ERSANŞAH K | C62: 57 | D62: 0 | E62: =D62/F62 -> 0 | F62: 1 | G62: 1 | H62: 0 | I62: 0 | J62: 0 | K62: 0 | L62: 403 | M62: 80 | N62: 74 | O62: 50 | P62: 58 | Q62: 7026 | R62: 804 | S62: 780 | T62: 839 | U62: 815 | V62: 220 | W62: 46 | X62: 22 | Y62: 36 | Z62: 15 | AA62: 883 | AB62: 149 | AC62: 112 | AD62: 110 | AE62: 91 | AF62: =(H62/G62*4)+(I62/G62*3)+(J62/G62*2)+(K62/G62*1) -> 0 | AG62: =(M62/L62*4)+(N62/L62*3)+(O62/L62*2)+(P62/L62*1) -> 1.7369727 | AH62: =(R62/Q62*4)+(S62/Q62*3)+(T62/Q62*2)+(U62/Q62*1) -> 1.145602 | AI62: =(W62/V62*4)+(X62/V62*3)+(Y62/V62*2)+(Z62/V62*1) -> 1.5318182 | AJ62: =(AB62/AA62*4)+(AC62/AA62*3)+(AD62/AA62*2)+(AE62/AA62*1) -> 1.407701 | AK62: =AVERAGE(AH62:AJ62) -> 1.3617071 | AL62: =E62/MAX($E$50:$E$57) -> 0 | AM62: =(AVERAGE($C$60:$C$68)-C62)/AVERAGE($C$60:$C$68) -> 0 | AO62: =AF62*$AO$3 -> 0 | AP62: =AG62*$AP$3 -> 60.794045 | AQ62: =AH62*$AQ$3 -> 9.1648164 | AR62: =AI62*$AR$3 -> 9.1909091 | AS62: =AJ62*$AS$3 -> 2.815402 | AT62: =AK62*$AT$3 -> 6.8085354 | AU62: =AL62*$AU$3 -> 0 | AV62: =AM62*$AV$3 -> 0 | AW62: =(AO62)+(AP62)+(AT62)+(AU62)+(AV62) -> 67.60258 | AY62: 3 | AZ62: 67.60258
A63: 4 | B63: GÜRBÜZ TAY | C63: 57 | D63: 0 | E63: =D63/F63 -> 0 | F63: 1 | G63: 1 | H63: 0 | I63: 0 | J63: 0 | K63: 0 | L63: 388 | M63: 97 | N63: 69 | O63: 62 | P63: 52 | Q63: 1424 | R63: 120 | S63: 125 | T63: 133 | U63: 115 | V63: 228 | W63: 42 | X63: 35 | Y63: 30 | Z63: 30 | AA63: 1 | AB63: 0 | AC63: 0 | AD63: 0 | AE63: 0 | AF63: =(H63/G63*4)+(I63/G63*3)+(J63/G63*2)+(K63/G63*1) -> 0 | AG63: =(M63/L63*4)+(N63/L63*3)+(O63/L63*2)+(P63/L63*1) -> 1.9871134 | AH63: =(R63/Q63*4)+(S63/Q63*3)+(T63/Q63*2)+(U63/Q63*1) -> 0.86797753 | AI63: =(W63/V63*4)+(X63/V63*3)+(Y63/V63*2)+(Z63/V63*1) -> 1.5921053 | AJ63: =(AB63/AA63*4)+(AC63/AA63*3)+(AD63/AA63*2)+(AE63/AA63*1) -> 0 | AK63: =AVERAGE(AH63:AJ63) -> 0.8200276 | AL63: =E63/MAX($E$50:$E$57) -> 0 | AM63: =(AVERAGE($C$60:$C$68)-C63)/AVERAGE($C$60:$C$68) -> 0 | AO63: =AF63*$AO$3 -> 0 | AP63: =AG63*$AP$3 -> 69.548969 | AQ63: =AH63*$AQ$3 -> 6.9438202 | AR63: =AI63*$AR$3 -> 9.5526316 | AS63: =AJ63*$AS$3 -> 0 | AT63: =AK63*$AT$3 -> 4.100138 | AU63: =AL63*$AU$3 -> 0 | AV63: =AM63*$AV$3 -> 0 | AW63: =(AO63)+(AP63)+(AT63)+(AU63)+(AV63) -> 73.649107 | AY63: 7 | AZ63: 62.210989
A64: 5 | B64: HIZLI VEYSEL KG SK | C64: 57 | D64: 0 | E64: =D64/F64 -> 0 | F64: 1 | G64: 1 | H64: 0 | I64: 0 | J64: 0 | K64: 0 | L64: 408 | M64: 42 | N64: 37 | O64: 38 | P64: 50 | Q64: 734 | R64: 49 | S64: 66 | T64: 72 | U64: 79 | V64: 1 | W64: 0 | X64: 0 | Y64: 0 | Z64: 0 | AA64: 227 | AB64: 27 | AC64: 27 | AD64: 21 | AE64: 21 | AF64: =(H64/G64*4)+(I64/G64*3)+(J64/G64*2)+(K64/G64*1) -> 0 | AG64: =(M64/L64*4)+(N64/L64*3)+(O64/L64*2)+(P64/L64*1) -> 0.99264706 | AH64: =(R64/Q64*4)+(S64/Q64*3)+(T64/Q64*2)+(U64/Q64*1) -> 0.84059946 | AI64: =(W64/V64*4)+(X64/V64*3)+(Y64/V64*2)+(Z64/V64*1) -> 0 | AJ64: =(AB64/AA64*4)+(AC64/AA64*3)+(AD64/AA64*2)+(AE64/AA64*1) -> 1.1101322 | AK64: =AVERAGE(AH64:AJ64) -> 0.65024387 | AL64: =E64/MAX($E$50:$E$57) -> 0 | AM64: =(AVERAGE($C$60:$C$68)-C64)/AVERAGE($C$60:$C$68) -> 0 | AO64: =AF64*$AO$3 -> 0 | AP64: =AG64*$AP$3 -> 34.742647 | AQ64: =AH64*$AQ$3 -> 6.7247956 | AR64: =AI64*$AR$3 -> 0 | AS64: =AJ64*$AS$3 -> 2.2202643 | AT64: =AK64*$AT$3 -> 3.2512194 | AU64: =AL64*$AU$3 -> 0 | AV64: =AM64*$AV$3 -> 0 | AW64: =(AO64)+(AP64)+(AT64)+(AU64)+(AV64) -> 37.993866 | AY64: 2 | AZ64: 60.192236
A65: 6 | B65: KARA ÖMER SK | C65: 57 | D65: 0 | E65: =D65/F65 -> 0 | F65: 1 | G65: 1 | H65: 0 | I65: 0 | J65: 0 | K65: 0 | L65: 352 | M65: 47 | N65: 66 | O65: 47 | P65: 40 | Q65: 1899 | R65: 194 | S65: 157 | T65: 191 | U65: 184 | V65: 233 | W65: 26 | X65: 24 | Y65: 22 | Z65: 22 | AA65: 6305 | AB65: 676 | AC65: 712 | AD65: 634 | AE65: 638 | AF65: =(H65/G65*4)+(I65/G65*3)+(J65/G65*2)+(K65/G65*1) -> 0 | AG65: =(M65/L65*4)+(N65/L65*3)+(O65/L65*2)+(P65/L65*1) -> 1.4772727 | AH65: =(R65/Q65*4)+(S65/Q65*3)+(T65/Q65*2)+(U65/Q65*1) -> 0.95471301 | AI65: =(W65/V65*4)+(X65/V65*3)+(Y65/V65*2)+(Z65/V65*1) -> 1.0386266 | AJ65: =(AB65/AA65*4)+(AC65/AA65*3)+(AD65/AA65*2)+(AE65/AA65*1) -> 1.0699445 | AK65: =AVERAGE(AH65:AJ65) -> 1.0210947 | AL65: =E65/MAX($E$50:$E$57) -> 0 | AM65: =(AVERAGE($C$60:$C$68)-C65)/AVERAGE($C$60:$C$68) -> 0 | AO65: =AF65*$AO$3 -> 0 | AP65: =AG65*$AP$3 -> 51.704545 | AQ65: =AH65*$AQ$3 -> 7.6377041 | AR65: =AI65*$AR$3 -> 6.2317597 | AS65: =AJ65*$AS$3 -> 2.139889 | AT65: =AK65*$AT$3 -> 5.1054735 | AU65: =AL65*$AU$3 -> 0 | AV65: =AM65*$AV$3 -> 0 | AW65: =(AO65)+(AP65)+(AT65)+(AU65)+(AV65) -> 56.810019 | AY65: 6 | AZ65: 56.810019
A66: 7 | B66: KRALKARINCA KG | C66: 57 | D66: 0 | E66: =D66/F66 -> 0 | F66: 1 | G66: 1 | H66: 0 | I66: 0 | J66: 0 | K66: 0 | L66: 311 | M66: 56 | N66: 47 | O66: 38 | P66: 48 | Q66: 97 | R66: 15 | S66: 14 | T66: 16 | U66: 11 | V66: 106 | W66: 18 | X66: 18 | Y66: 16 | Z66: 13 | AA66: 266 | AB66: 33 | AC66: 30 | AD66: 33 | AE66: 31 | AF66: =(H66/G66*4)+(I66/G66*3)+(J66/G66*2)+(K66/G66*1) -> 0 | AG66: =(M66/L66*4)+(N66/L66*3)+(O66/L66*2)+(P66/L66*1) -> 1.5723473 | AH66: =(R66/Q66*4)+(S66/Q66*3)+(T66/Q66*2)+(U66/Q66*1) -> 1.4948454 | AI66: =(W66/V66*4)+(X66/V66*3)+(Y66/V66*2)+(Z66/V66*1) -> 1.6132075 | AJ66: =(AB66/AA66*4)+(AC66/AA66*3)+(AD66/AA66*2)+(AE66/AA66*1) -> 1.1992481 | AK66: =AVERAGE(AH66:AJ66) -> 1.435767 | AL66: =E66/MAX($E$50:$E$57) -> 0 | AM66: =(AVERAGE($C$60:$C$68)-C66)/AVERAGE($C$60:$C$68) -> 0 | AO66: =AF66*$AO$3 -> 0 | AP66: =AG66*$AP$3 -> 55.032154 | AQ66: =AH66*$AQ$3 -> 11.958763 | AR66: =AI66*$AR$3 -> 9.6792453 | AS66: =AJ66*$AS$3 -> 2.3984962 | AT66: =AK66*$AT$3 -> 7.178835 | AU66: =AL66*$AU$3 -> 0 | AV66: =AM66*$AV$3 -> 0 | AW66: =(AO66)+(AP66)+(AT66)+(AU66)+(AV66) -> 62.210989 | AY66: 8 | AZ66: 49.107625
A67: 8 | B67: KUTSOY SK | C67: 57 | D67: 0 | E67: =D67/F67 -> 0 | F67: 1 | G67: 1 | H67: 0 | I67: 0 | J67: 0 | K67: 0 | L67: 473 | M67: 70 | N67: 53 | O67: 55 | P67: 61 | Q67: 403 | R67: 55 | S67: 61 | T67: 53 | U67: 40 | V67: 1 | W67: 0 | X67: 0 | Y67: 0 | Z67: 0 | AA67: 14365 | AB67: 1509 | AC67: 1475 | AD67: 1390 | AE67: 1409 | AF67: =(H67/G67*4)+(I67/G67*3)+(J67/G67*2)+(K67/G67*1) -> 0 | AG67: =(M67/L67*4)+(N67/L67*3)+(O67/L67*2)+(P67/L67*1) -> 1.2896406 | AH67: =(R67/Q67*4)+(S67/Q67*3)+(T67/Q67*2)+(U67/Q67*1) -> 1.3622829 | AI67: =(W67/V67*4)+(X67/V67*3)+(Y67/V67*2)+(Z67/V67*1) -> 0 | AJ67: =(AB67/AA67*4)+(AC67/AA67*3)+(AD67/AA67*2)+(AE67/AA67*1) -> 1.0198399 | AK67: =AVERAGE(AH67:AJ67) -> 0.79404092 | AL67: =E67/MAX($E$50:$E$57) -> 0 | AM67: =(AVERAGE($C$60:$C$68)-C67)/AVERAGE($C$60:$C$68) -> 0 | AO67: =AF67*$AO$3 -> 0 | AP67: =AG67*$AP$3 -> 45.137421 | AQ67: =AH67*$AQ$3 -> 10.898263 | AR67: =AI67*$AR$3 -> 0 | AS67: =AJ67*$AS$3 -> 2.0396798 | AT67: =AK67*$AT$3 -> 3.9702046 | AU67: =AL67*$AU$3 -> 0 | AV67: =AM67*$AV$3 -> 0 | AW67: =(AO67)+(AP67)+(AT67)+(AU67)+(AV67) -> 49.107625 | AY67: 5 | AZ67: 37.993866
A68: 9 | B68: YAĞIZHANBEY KG SK | C68: 57 | D68: 0 | E68: =D68/F68 -> 0 | F68: 1 | G68: 1 | H68: 0 | I68: 0 | J68: 0 | K68: 0 | L68: 423 | M68: 99 | N68: 63 | O68: 89 | P68: 54 | Q68: 132 | R68: 15 | S68: 13 | T68: 15 | U68: 19 | V68: 131 | W68: 18 | X68: 14 | Y68: 13 | Z68: 6 | AA68: 7212 | AB68: 700 | AC68: 685 | AD68: 670 | AE68: 647 | AF68: =(H68/G68*4)+(I68/G68*3)+(J68/G68*2)+(K68/G68*1) -> 0 | AG68: =(M68/L68*4)+(N68/L68*3)+(O68/L68*2)+(P68/L68*1) -> 1.9314421 | AH68: =(R68/Q68*4)+(S68/Q68*3)+(T68/Q68*2)+(U68/Q68*1) -> 1.1212121 | AI68: =(W68/V68*4)+(X68/V68*3)+(Y68/V68*2)+(Z68/V68*1) -> 1.1145038 | AJ68: =(AB68/AA68*4)+(AC68/AA68*3)+(AD68/AA68*2)+(AE68/AA68*1) -> 0.94869662 | AK68: =AVERAGE(AH68:AJ68) -> 1.0614709 | AL68: =E68/MAX($E$50:$E$57) -> 0 | AM68: =(AVERAGE($C$60:$C$68)-C68)/AVERAGE($C$60:$C$68) -> 0 | AO68: =AF68*$AO$3 -> 0 | AP68: =AG68*$AP$3 -> 67.600473 | AQ68: =AH68*$AQ$3 -> 8.969697 | AR68: =AI68*$AR$3 -> 6.6870229 | AS68: =AJ68*$AS$3 -> 1.8973932 | AT68: =AK68*$AT$3 -> 5.3073543 | AU68: =AL68*$AU$3 -> 0 | AV68: =AM68*$AV$3 -> 0 | AW68: =(AO68)+(AP68)+(AT68)+(AU68)+(AV68) -> 72.907827 | AY68: 1 | AZ68: 16.053369
AF69: =(H69/G69*4)+(I69/G69*3)+(J69/G69*2)+(K69/G69*1) -> #DIV/0! | AG69: =(M69/L69*4)+(N69/L69*3)+(O69/L69*2)+(P69/L69*1) -> #DIV/0! | AH69: =(R69/Q69*4)+(S69/Q69*3)+(T69/Q69*2)+(U69/Q69*1) -> #DIV/0! | AI69: =(W69/V69*4)+(X69/V69*3)+(Y69/V69*2)+(Z69/V69*1) -> #DIV/0! | AJ69: =(AB69/AA69*4)+(AC69/AA69*3)+(AD69/AA69*2)+(AE69/AA69*1) -> #DIV/0! | AO69: =AF69*$AO$3 -> #DIV/0! | AP69: =AG69*$AP$3 -> #DIV/0! | AQ69: =AH69*$AQ$3 -> #DIV/0! | AR69: =AI69*$AR$3 -> #DIV/0! | AS69: =AJ69*$AS$3 -> #DIV/0! | AT69: =AK69*$AT$3 -> 0 | AU69: =AL69*$AU$3 -> 0 | AV69: =AM69*$AV$3 -> 0 | AW69: =(AO69)+(AP69)+(AT69)+(AU69)+(AV69) -> #DIV/0!
B70: HAND 16 | C70: 7 | AF70: =(H70/G70*4)+(I70/G70*3)+(J70/G70*2)+(K70/G70*1) -> #DIV/0! | AG70: =(M70/L70*4)+(N70/L70*3)+(O70/L70*2)+(P70/L70*1) -> #DIV/0! | AH70: =(R70/Q70*4)+(S70/Q70*3)+(T70/Q70*2)+(U70/Q70*1) -> #DIV/0! | AI70: =(W70/V70*4)+(X70/V70*3)+(Y70/V70*2)+(Z70/V70*1) -> #DIV/0! | AJ70: =(AB70/AA70*4)+(AC70/AA70*3)+(AD70/AA70*2)+(AE70/AA70*1) -> #DIV/0! | AO70: =AF70*$AO$3 -> #DIV/0! | AP70: =AG70*$AP$3 -> #DIV/0! | AQ70: =AH70*$AQ$3 -> #DIV/0! | AR70: =AI70*$AR$3 -> #DIV/0! | AS70: =AJ70*$AS$3 -> #DIV/0! | AT70: =AK70*$AT$3 -> 0 | AU70: =AL70*$AU$3 -> 0 | AV70: =AM70*$AV$3 -> 0 | AW70: =(AO70)+(AP70)+(AT70)+(AU70)+(AV70) -> #DIV/0!
A71: 1 | B71: LEBRON DB SK | C71: 60 | D71: 119000 | E71: =D71/F71 -> 11900 | F71: 10 | G71: 10 | H71: 0 | I71: 1 | J71: 2 | K71: 1 | L71: 160 | M71: 9 | N71: 14 | O71: 17 | P71: 10 | Q71: 1586 | R71: 177 | S71: 183 | T71: 169 | U71: 157 | V71: 214 | W71: 31 | X71: 35 | Y71: 30 | Z71: 18 | AA71: 499 | AB71: 65 | AC71: 70 | AD71: 70 | AE71: 52 | AF71: =(H71/G71*4)+(I71/G71*3)+(J71/G71*2)+(K71/G71*1) -> 0.8 | AG71: =(M71/L71*4)+(N71/L71*3)+(O71/L71*2)+(P71/L71*1) -> 0.7625 | AH71: =(R71/Q71*4)+(S71/Q71*3)+(T71/Q71*2)+(U71/Q71*1) -> 1.1046658 | AI71: =(W71/V71*4)+(X71/V71*3)+(Y71/V71*2)+(Z71/V71*1) -> 1.4345794 | AJ71: =(AB71/AA71*4)+(AC71/AA71*3)+(AD71/AA71*2)+(AE71/AA71*1) -> 1.3266533 | AK71: =AVERAGE(AH71:AJ71) -> 1.2886329 | AL71: =E71/MAX($E$71:$E$76) -> 0.1875936 | AM71: =(AVERAGE($C$71:$C$76)-C71)/AVERAGE($C$71:$C$76) -> -0.049562682 | AO71: =AF71*$AO$3 -> 36 | AP71: =AG71*$AP$3 -> 26.6875 | AQ71: =AH71*$AQ$3 -> 8.8373266 | AR71: =AI71*$AR$3 -> 8.6074766 | AS71: =AJ71*$AS$3 -> 2.6533066 | AT71: =AK71*$AT$3 -> 6.4431643 | AU71: =AL71*$AU$3 -> 0.937968 | AV71: =AM71*$AV$3 -> -0.49562682 | AW71: =(AO71)+(AP71)+(AT71)+(AU71)+(AV71) -> 69.573005 | AY71: 4 | AZ71: 152.13823
A72: 2 | B72: CATCH THE STARS SK | C72: 60 | D72: 585800 | E72: =D72/F72 -> 58580 | F72: 10 | G72: 10 | H72: 2 | I72: 2 | J72: 1 | K72: 0 | L72: 463 | M72: 61 | N72: 63 | O72: 52 | P72: 61 | Q72: 12162 | R72: 1516 | S72: 1401 | T72: 1448 | U72: 1279 | V72: 145 | W72: 14 | X72: 14 | Y72: 12 | Z72: 14 | AA72: 1 | AB72: 0 | AC72: 0 | AD72: 0 | AE72: 0 | AF72: =(H72/G72*4)+(I72/G72*3)+(J72/G72*2)+(K72/G72*1) -> 1.6 | AG72: =(M72/L72*4)+(N72/L72*3)+(O72/L72*2)+(P72/L72*1) -> 1.2915767 | AH72: =(R72/Q72*4)+(S72/Q72*3)+(T72/Q72*2)+(U72/Q72*1) -> 1.1874692 | AI72: =(W72/V72*4)+(X72/V72*3)+(Y72/V72*2)+(Z72/V72*1) -> 0.93793103 | AJ72: =(AB72/AA72*4)+(AC72/AA72*3)+(AD72/AA72*2)+(AE72/AA72*1) -> 0 | AK72: =AVERAGE(AH72:AJ72) -> 0.70846673 | AL72: =E72/MAX($E$71:$E$76) -> 0.92346496 | AM72: =(AVERAGE($C$71:$C$76)-C72)/AVERAGE($C$71:$C$76) -> -0.049562682 | AO72: =AF72*$AO$3 -> 72 | AP72: =AG72*$AP$3 -> 45.205184 | AQ72: =AH72*$AQ$3 -> 9.4997533 | AR72: =AI72*$AR$3 -> 5.6275862 | AS72: =AJ72*$AS$3 -> 0 | AT72: =AK72*$AT$3 -> 3.5423337 | AU72: =AL72*$AU$3 -> 4.6173248 | AV72: =AM72*$AV$3 -> -0.49562682 | AW72: =(AO72)+(AP72)+(AT72)+(AU72)+(AV72) -> 124.86922 | AY72: 6 | AZ72: 133.81542
A73: 3 | B73: FİÇİÇİÇU KG SK | C73: 56 | D73: 634350 | E73: =D73/F73 -> 63435 | F73: 10 | G73: 10 | H73: 3 | I73: 0 | J73: 1 | K73: 3 | L73: 119 | M73: 9 | N73: 8 | O73: 15 | P73: 15 | Q73: 1422 | R73: 155 | S73: 157 | T73: 174 | U73: 148 | V73: 84 | W73: 11 | X73: 11 | Y73: 12 | Z73: 20 | AA73: 10012 | AB73: 1159 | AC73: 1077 | AD73: 1094 | AE73: 1090 | AF73: =(H73/G73*4)+(I73/G73*3)+(J73/G73*2)+(K73/G73*1) -> 1.7 | AG73: =(M73/L73*4)+(N73/L73*3)+(O73/L73*2)+(P73/L73*1) -> 0.88235294 | AH73: =(R73/Q73*4)+(S73/Q73*3)+(T73/Q73*2)+(U73/Q73*1) -> 1.1160338 | AI73: =(W73/V73*4)+(X73/V73*3)+(Y73/V73*2)+(Z73/V73*1) -> 1.4404762 | AJ73: =(AB73/AA73*4)+(AC73/AA73*3)+(AD73/AA73*2)+(AE73/AA73*1) -> 1.1131642 | AK73: =AVERAGE(AH73:AJ73) -> 1.2232247 | AL73: =E73/MAX($E$71:$E$76) -> 1 | AM73: =(AVERAGE($C$71:$C$76)-C73)/AVERAGE($C$71:$C$76) -> 0.020408163 | AO73: =AF73*$AO$3 -> 76.5 | AP73: =AG73*$AP$3 -> 30.882353 | AQ73: =AH73*$AQ$3 -> 8.92827 | AR73: =AI73*$AR$3 -> 8.6428571 | AS73: =AJ73*$AS$3 -> 2.2263284 | AT73: =AK73*$AT$3 -> 6.1161236 | AU73: =AL73*$AU$3 -> 5 | AV73: =AM73*$AV$3 -> 0.20408163 | AW73: =(AO73)+(AP73)+(AT73)+(AU73)+(AV73) -> 118.70256 | AY73: 2 | AZ73: 124.86922
A74: 4 | B74: EL TRANSCANTABRICO SK | C74: 57 | D74: 495500 | E74: =D74/F74 -> 49550 | F74: 10 | G74: 10 | H74: 3 | I74: 1 | J74: 2 | K74: 1 | L74: 463 | M74: 71 | N74: 58 | O74: 56 | P74: 72 | Q74: 14 | R74: 3 | S74: 2 | T74: 3 | U74: 1 | V74: 23 | W74: 10 | X74: 4 | Y74: 3 | Z74: 1 | AA74: 336 | AB74: 60 | AC74: 47 | AD74: 41 | AE74: 25 | AF74: =(H74/G74*4)+(I74/G74*3)+(J74/G74*2)+(K74/G74*1) -> 2 | AG74: =(M74/L74*4)+(N74/L74*3)+(O74/L74*2)+(P74/L74*1) -> 1.3866091 | AH74: =(R74/Q74*4)+(S74/Q74*3)+(T74/Q74*2)+(U74/Q74*1) -> 1.7857143 | AI74: =(W74/V74*4)+(X74/V74*3)+(Y74/V74*2)+(Z74/V74*1) -> 2.5652174 | AJ74: =(AB74/AA74*4)+(AC74/AA74*3)+(AD74/AA74*2)+(AE74/AA74*1) -> 1.452381 | AK74: =AVERAGE(AH74:AJ74) -> 1.9344375 | AL74: =E74/MAX($E$71:$E$76) -> 0.78111453 | AM74: =(AVERAGE($C$71:$C$76)-C74)/AVERAGE($C$71:$C$76) -> 0.0029154519 | AO74: =AF74*$AO$3 -> 90 | AP74: =AG74*$AP$3 -> 48.531317 | AQ74: =AH74*$AQ$3 -> 14.285714 | AR74: =AI74*$AR$3 -> 15.391304 | AS74: =AJ74*$AS$3 -> 2.9047619 | AT74: =AK74*$AT$3 -> 9.6721877 | AU74: =AL74*$AU$3 -> 3.9055726 | AV74: =AM74*$AV$3 -> 0.029154519 | AW74: =(AO74)+(AP74)+(AT74)+(AU74)+(AV74) -> 152.13823 | AY74: 3 | AZ74: 118.70256
A75: 5 | B75: ÇAKIRLAR DB SK | C75: 57 | D75: 92400 | E75: =D75/F75 -> 9240 | F75: 10 | G75: 10 | H75: 0 | I75: 1 | J75: 0 | K75: 0 | L75: 369 | M75: 52 | N75: 69 | O75: 49 | P75: 41 | Q75: 14464 | R75: 1831 | S75: 1738 | T75: 1769 | U75: 1702 | V75: 64 | W75: 5 | X75: 6 | Y75: 5 | Z75: 6 | AA75: 3816 | AB75: 374 | AC75: 368 | AD75: 372 | AE75: 365 | AF75: =(H75/G75*4)+(I75/G75*3)+(J75/G75*2)+(K75/G75*1) -> 0.3 | AG75: =(M75/L75*4)+(N75/L75*3)+(O75/L75*2)+(P75/L75*1) -> 1.501355 | AH75: =(R75/Q75*4)+(S75/Q75*3)+(T75/Q75*2)+(U75/Q75*1) -> 1.2291206 | AI75: =(W75/V75*4)+(X75/V75*3)+(Y75/V75*2)+(Z75/V75*1) -> 0.84375 | AJ75: =(AB75/AA75*4)+(AC75/AA75*3)+(AD75/AA75*2)+(AE75/AA75*1) -> 0.97196017 | AK75: =AVERAGE(AH75:AJ75) -> 1.0149436 | AL75: =E75/MAX($E$71:$E$76) -> 0.14566091 | AM75: =(AVERAGE($C$71:$C$76)-C75)/AVERAGE($C$71:$C$76) -> 0.0029154519 | AO75: =AF75*$AO$3 -> 13.5 | AP75: =AG75*$AP$3 -> 52.547425 | AQ75: =AH75*$AQ$3 -> 9.8329646 | AR75: =AI75*$AR$3 -> 5.0625 | AS75: =AJ75*$AS$3 -> 1.9439203 | AT75: =AK75*$AT$3 -> 5.0747179 | AU75: =AL75*$AU$3 -> 0.72830456 | AV75: =AM75*$AV$3 -> 0.029154519 | AW75: =(AO75)+(AP75)+(AT75)+(AU75)+(AV75) -> 71.879602 | AY75: 5 | AZ75: 71.879602
A76: 6 | B76: GIATRES SKG SK | C76: 53 | D76: 479325 | E76: =D76/F76 -> 47932.5 | F76: 10 | G76: 10 | H76: 2 | I76: 0 | J76: 0 | K76: 3 | L76: 359 | M76: 90 | N76: 77 | O76: 62 | P76: 43 | Q76: 4575 | R76: 446 | S76: 481 | T76: 455 | U76: 514 | V76: 89 | W76: 13 | X76: 9 | Y76: 11 | Z76: 10 | AA76: 469 | AB76: 65 | AC76: 64 | AD76: 50 | AE76: 49 | AF76: =(H76/G76*4)+(I76/G76*3)+(J76/G76*2)+(K76/G76*1) -> 1.1 | AG76: =(M76/L76*4)+(N76/L76*3)+(O76/L76*2)+(P76/L76*1) -> 2.1114206 | AH76: =(R76/Q76*4)+(S76/Q76*3)+(T76/Q76*2)+(U76/Q76*1) -> 1.016612 | AI76: =(W76/V76*4)+(X76/V76*3)+(Y76/V76*2)+(Z76/V76*1) -> 1.247191 | AJ76: =(AB76/AA76*4)+(AC76/AA76*3)+(AD76/AA76*2)+(AE76/AA76*1) -> 1.2814499 | AK76: =AVERAGE(AH76:AJ76) -> 1.181751 | AL76: =E76/MAX($E$71:$E$76) -> 0.75561598 | AM76: =(AVERAGE($C$71:$C$76)-C76)/AVERAGE($C$71:$C$76) -> 0.072886297 | AO76: =AF76*$AO$3 -> 49.5 | AP76: =AG76*$AP$3 -> 73.899721 | AQ76: =AH76*$AQ$3 -> 8.1328962 | AR76: =AI76*$AR$3 -> 7.4831461 | AS76: =AJ76*$AS$3 -> 2.5628998 | AT76: =AK76*$AT$3 -> 5.9087549 | AU76: =AL76*$AU$3 -> 3.7780799 | AV76: =AM76*$AV$3 -> 0.72886297 | AW76: =(AO76)+(AP76)+(AT76)+(AU76)+(AV76) -> 133.81542 | AY76: 1 | AZ76: 69.573005
AF77: =(H77/G77*4)+(I77/G77*3)+(J77/G77*2)+(K77/G77*1) -> #DIV/0! | AG77: =(M77/L77*4)+(N77/L77*3)+(O77/L77*2)+(P77/L77*1) -> #DIV/0! | AH77: =(R77/Q77*4)+(S77/Q77*3)+(T77/Q77*2)+(U77/Q77*1) -> #DIV/0! | AI77: =(W77/V77*4)+(X77/V77*3)+(Y77/V77*2)+(Z77/V77*1) -> #DIV/0! | AJ77: =(AB77/AA77*4)+(AC77/AA77*3)+(AD77/AA77*2)+(AE77/AA77*1) -> #DIV/0! | AO77: =AF77*$AO$3 -> #DIV/0! | AP77: =AG77*$AP$3 -> #DIV/0! | AQ77: =AH77*$AQ$3 -> #DIV/0! | AR77: =AI77*$AR$3 -> #DIV/0! | AS77: =AJ77*$AS$3 -> #DIV/0! | AT77: =AK77*$AT$3 -> 0 | AU77: =AL77*$AU$3 -> 0 | AV77: =AM77*$AV$3 -> 0 | AW77: =(AO77)+(AP77)+(AT77)+(AU77)+(AV77) -> #DIV/0!

Sheet result
I2: KÜÇÜK | J2: ORTA | K2: BÜYÜK
C3: HAND 16 | D3: NO | E3: SCORE | G3: 1 | I3: SMALL | J3: MEDIUM | K3: BIG
B4: 1 | C4: HEKİMOĞLU KG DB SK | D4: =ANALİZ!AY6 -> 4 | E4: =ANALİZ!AZ6 -> 169.31356 | G4: =IF(ROWS($G$4:G4)>5,"X",IF(ROW()=6,"KÜÇÜK",IF($E$4-E4<=20,"KÜÇÜK",IF($E$4-E4<=50,"ORTA",IF($E$4-E4<=57,"BÜYÜK","X"))))) -> KÜÇÜK | I4: =IF($G4="Küçük",$D4,"") -> 4 | J4: =IF($G4="Orta",$D4,"") | K4: =IF($G4="Büyük",$D4,"")
B5: 2 | C5: DELİ YILDIRIM KG DB SK | D5: =ANALİZ!AY7 -> 3 | E5: =ANALİZ!AZ7 -> 159.52978 | F5: =$E$4-E5 -> 9.7837745 | G5: =IF(ROWS($G$4:G5)>5,"X",IF(ROW()=6,"KÜÇÜK",IF($E$4-E5<=20,"KÜÇÜK",IF($E$4-E5<=50,"ORTA",IF($E$4-E5<=57,"BÜYÜK","X"))))) -> KÜÇÜK | I5: =IF($G5="Küçük",$D5,"") -> 3 | J5: =IF($G5="Orta",$D5,"") | K5: =IF($G5="Büyük",$D5,"")
B6: 3 | C6: CANYURT KG DB SK | D6: =ANALİZ!AY8 -> 8 | E6: =ANALİZ!AZ8 -> 119.57459 | F6: =$E$4-E6 -> 49.738961 | G6: =IF(ROWS($G$4:G6)>5,"X",IF(ROW()=6,"KÜÇÜK",IF($E$4-E6<=20,"KÜÇÜK",IF($E$4-E6<=50,"ORTA",IF($E$4-E6<=57,"BÜYÜK","X"))))) -> KÜÇÜK | I6: =IF($G6="Küçük",$D6,"") -> 8 | J6: =IF($G6="Orta",$D6,"") | K6: =IF($G6="Büyük",$D6,"")
B7: 4 | C7: HIZLI AYAK KG SK | D7: =ANALİZ!AY9 -> 10 | E7: =ANALİZ!AZ9 -> 113.20019 | F7: =$E$4-E7 -> 56.113366 | G7: =IF(ROWS($G$4:G7)>5,"X",IF(ROW()=6,"KÜÇÜK",IF($E$4-E7<=20,"KÜÇÜK",IF($E$4-E7<=50,"ORTA",IF($E$4-E7<=57,"BÜYÜK","X"))))) -> BÜYÜK | I7: =IF($G7="Küçük",$D7,"") | J7: =IF($G7="Orta",$D7,"") | K7: =IF($G7="Büyük",$D7,"") -> 10
B8: 5 | C8: SADEKAR KG DB SK | D8: =ANALİZ!AY10 -> 5 | E8: =ANALİZ!AZ10 -> 82.86819 | F8: =$E$4-E8 -> 86.445366 | G8: =IF(ROWS($G$4:G8)>5,"X",IF(ROW()=6,"KÜÇÜK",IF($E$4-E8<=20,"KÜÇÜK",IF($E$4-E8<=50,"ORTA",IF($E$4-E8<=57,"BÜYÜK","X"))))) -> X | I8: =IF($G8="Küçük",$D8,"") | J8: =IF($G8="Orta",$D8,"") | K8: =IF($G8="Büyük",$D8,"")
B9: 6 | C9: ALEVKIRAN KG DB SK GKR | D9: =ANALİZ!AY11 -> 7 | E9: =ANALİZ!AZ11 -> 81.139711 | F9: =$E$4-E9 -> 88.173844 | G9: =IF(ROWS($G$4:G9)>5,"X",IF(ROW()=6,"KÜÇÜK",IF($E$4-E9<=20,"KÜÇÜK",IF($E$4-E9<=50,"ORTA",IF($E$4-E9<=57,"BÜYÜK","X"))))) -> X
B10: 7 | C10: TURBODİZEL KG | D10: =ANALİZ!AY12 -> 9 | E10: =ANALİZ!AZ12 -> 75.04045 | F10: =$E$4-E10 -> 94.273105 | G10: =IF(ROWS($G$4:G10)>5,"X",IF(ROW()=6,"KÜÇÜK",IF($E$4-E10<=20,"KÜÇÜK",IF($E$4-E10<=50,"ORTA",IF($E$4-E10<=57,"BÜYÜK","X"))))) -> X
B11: 8 | C11: ÇAĞLAYANŞELALE KG K DB | D11: =ANALİZ!AY13 -> 2 | E11: =ANALİZ!AZ13 -> 74.710487 | F11: =$E$4-E11 -> 94.603068 | G11: =IF(ROWS($G$4:G11)>5,"X",IF(ROW()=6,"KÜÇÜK",IF($E$4-E11<=20,"KÜÇÜK",IF($E$4-E11<=50,"ORTA",IF($E$4-E11<=57,"BÜYÜK","X"))))) -> X
B12: 9 | C12: HOSLİ KG DB SK GKR | D12: =ANALİZ!AY14 -> 1 | E12: =ANALİZ!AZ14 -> 73.069596 | F12: =$E$4-E12 -> 96.243959 | G12: =IF(ROWS($G$4:G12)>5,"X",IF(ROW()=6,"KÜÇÜK",IF($E$4-E12<=20,"KÜÇÜK",IF($E$4-E12<=50,"ORTA",IF($E$4-E12<=57,"BÜYÜK","X"))))) -> X
B13: 10 | C13: KUNYA KG K DB | D13: =ANALİZ!AY15 -> 6 | E13: =ANALİZ!AZ15 -> 57.556058 | F13: =$E$4-E13 -> 111.7575 | G13: =IF(ROWS($G$4:G13)>5,"X",IF(ROW()=6,"KÜÇÜK",IF($E$4-E13<=20,"KÜÇÜK",IF($E$4-E13<=50,"ORTA",IF($E$4-E13<=57,"BÜYÜK","X"))))) -> X
I14: KÜÇÜK | J14: ORTA | K14: BÜYÜK
C15: HAND 17 | G15: 2 | I15: SMALL | J15: MEDIUM | K15: BIG
B16: 1 | C16: OKLAHOMA DB SK | D16: =ANALİZ!AY18 -> 3 | E16: =ANALİZ!AZ18 -> 171.67878 | G16: =IF(ROWS($G$16:G16)>5,"X",IF(ROW()=6,"KÜÇÜK",IF($E$16-E16<=20,"KÜÇÜK",IF($E$16-E16<=50,"ORTA",IF($E$16-E16<=57,"BÜYÜK","X"))))) -> KÜÇÜK | I16: =IF($G16="Küçük",$D16,"") -> 3 | J16: =IF($G16="Orta",$D16,"") | K16: =IF($G16="Büyük",$D16,"")
B17: 2 | C17: ÇAKIR YILDIZI KG SK GKR | D17: =ANALİZ!AY19 -> 8 | E17: =ANALİZ!AZ19 -> 166.35458 | F17: =$E$16-E17 -> 5.3242071 | G17: =IF(ROWS($G$16:G17)>5,"X",IF(ROW()=6,"KÜÇÜK",IF($E$16-E17<=20,"KÜÇÜK",IF($E$16-E17<=50,"ORTA",IF($E$16-E17<=57,"BÜYÜK","X"))))) -> KÜÇÜK | I17: =IF($G17="Küçük",$D17,"") -> 8 | J17: =IF($G17="Orta",$D17,"") | K17: =IF($G17="Büyük",$D17,"")
B18: 3 | C18: ASLAN LUİGİ K | D18: =ANALİZ!AY20 -> 2 | E18: =ANALİZ!AZ20 -> 137.73123 | F18: =$E$16-E18 -> 33.947553 | G18: =IF(ROWS($G$16:G18)>5,"X",IF(ROW()=6,"KÜÇÜK",IF($E$16-E18<=20,"KÜÇÜK",IF($E$16-E18<=50,"ORTA",IF($E$16-E18<=57,"BÜYÜK","X"))))) -> ORTA | I18: =IF($G18="Küçük",$D18,"") | J18: =IF($G18="Orta",$D18,"") -> 2 | K18: =IF($G18="Büyük",$D18,"")
B19: 4 | C19: KUMTEPER DB SKG SK SGKR | D19: =ANALİZ!AY21 -> 5 | E19: =ANALİZ!AZ21 -> 133.94873 | F19: =$E$16-E19 -> 37.730058 | G19: =IF(ROWS($G$16:G19)>5,"X",IF(ROW()=6,"KÜÇÜK",IF($E$16-E19<=20,"KÜÇÜK",IF($E$16-E19<=50,"ORTA",IF($E$16-E19<=57,"BÜYÜK","X"))))) -> ORTA | I19: =IF($G19="Küçük",$D19,"") | J19: =IF($G19="Orta",$D19,"") -> 5 | K19: =IF($G19="Büyük",$D19,"")
B20: 5 | C20: SWEPS KG DB SK | D20: =ANALİZ!AY22 -> 9 | E20: =ANALİZ!AZ22 -> 131.4517 | F20: =$E$16-E20 -> 40.227083 | G20: =IF(ROWS($G$16:G20)>5,"X",IF(ROW()=6,"KÜÇÜK",IF($E$16-E20<=20,"KÜÇÜK",IF($E$16-E20<=50,"ORTA",IF($E$16-E20<=57,"BÜYÜK","X"))))) -> ORTA | I20: =IF($G20="Küçük",$D20,"") | J20: =IF($G20="Orta",$D20,"") -> 9 | K20: =IF($G20="Büyük",$D20,"")
B21: 6 | C21: FOUDROYANT K DB | D21: =ANALİZ!AY23 -> 4 | E21: =ANALİZ!AZ23 -> 126.18027 | F21: =$E$16-E21 -> 45.498514 | G21: =IF(ROWS($G$16:G21)>5,"X",IF(ROW()=6,"KÜÇÜK",IF($E$16-E21<=20,"KÜÇÜK",IF($E$16-E21<=50,"ORTA",IF($E$16-E21<=57,"BÜYÜK","X"))))) -> X
B22: 7 | C22: MR BIG SHOT DB BB | D22: =ANALİZ!AY24 -> 1 | E22: =ANALİZ!AZ24 -> 126.17425 | F22: =$E$16-E22 -> 45.504534 | G22: =IF(ROWS($G$16:G22)>5,"X",IF(ROW()=6,"KÜÇÜK",IF($E$16-E22<=20,"KÜÇÜK",IF($E$16-E22<=50,"ORTA",IF($E$16-E22<=57,"BÜYÜK","X"))))) -> X
B23: 8 | C23: SİLİSTRE KG K | D23: =ANALİZ!AY25 -> 6 | E23: =ANALİZ!AZ25 -> 117.68512 | F23: =$E$16-E23 -> 53.993663 | G23: =IF(ROWS($G$16:G23)>5,"X",IF(ROW()=6,"KÜÇÜK",IF($E$16-E23<=20,"KÜÇÜK",IF($E$16-E23<=50,"ORTA",IF($E$16-E23<=57,"BÜYÜK","X"))))) -> X
B24: 9 | C24: CATCH THE STARS SK | D24: =ANALİZ!AY26 -> 10 | E24: =ANALİZ!AZ26 -> 106.90864 | F24: =$E$16-E24 -> 64.770145 | G24: =IF(ROWS($G$16:G24)>5,"X",IF(ROW()=6,"KÜÇÜK",IF($E$16-E24<=20,"KÜÇÜK",IF($E$16-E24<=50,"ORTA",IF($E$16-E24<=57,"BÜYÜK","X"))))) -> X
B25: 10 | C25: KING OF THE WIN KG DB SK | D25: =ANALİZ!AY27 -> 7 | E25: =ANALİZ!AZ27 -> 105.08775 | F25: =$E$16-E25 -> 66.591038 | G25: =IF(ROWS($G$16:G25)>5,"X",IF(ROW()=6,"KÜÇÜK",IF($E$16-E25<=20,"KÜÇÜK",IF($E$16-E25<=50,"ORTA",IF($E$16-E25<=57,"BÜYÜK","X"))))) -> X
I26: KÜÇÜK | J26: ORTA | K26: BÜYÜK
C27: KV 9 | D27: SIRA | E27: KÜÇÜK | G27: 1 | I27: SMALL | J27: MEDIUM | K27: BIG
B28: 1 | C28: AKUÇAN KG DB SK | D28: =ANALİZ!AY30 -> 6 | E28: =ANALİZ!AZ30 -> 185.91379 | G28: =IF(ROWS($G$28:G28)>5,"X",IF(ROW()=6,"KÜÇÜK",IF($E$28-E28<=20,"KÜÇÜK",IF($E$28-E28<=50,"ORTA",IF($E$28-E28<=57,"BÜYÜK","X"))))) -> KÜÇÜK | I28: =IF($G28="Küçük",$D28,"") -> 6 | J28: =IF($G28="Orta",$D28,"") | K28: =IF($G28="Büyük",$D28,"")
B29: 2 | C29: ASIL OĞUL KG SK | D29: =ANALİZ!AY31 -> 5 | E29: =ANALİZ!AZ31 -> 168.48156 | F29: =$E$28-E29 -> 17.432239 | G29: =IF(ROWS($G$28:G29)>5,"X",IF(ROW()=6,"KÜÇÜK",IF($E$28-E29<=20,"KÜÇÜK",IF($E$28-E29<=50,"ORTA",IF($E$28-E29<=57,"BÜYÜK","X"))))) -> KÜÇÜK | I29: =IF($G29="Küçük",$D29,"") -> 5 | J29: =IF($G29="Orta",$D29,"") | K29: =IF($G29="Büyük",$D29,"")
B30: 3 | C30: DENİZBEYİM KG SK | D30: =ANALİZ!AY32 -> 4 | E30: =ANALİZ!AZ32 -> 148.20297 | F30: =$E$28-E30 -> 37.71082 | G30: =IF(ROWS($G$28:G30)>5,"X",IF(ROW()=6,"KÜÇÜK",IF($E$28-E30<=20,"KÜÇÜK",IF($E$28-E30<=50,"ORTA",IF($E$28-E30<=57,"BÜYÜK","X"))))) -> ORTA | I30: =IF($G30="Küçük",$D30,"") | J30: =IF($G30="Orta",$D30,"") -> 4 | K30: =IF($G30="Büyük",$D30,"")
B31: 4 | C31: LUXOR BOY K | D31: =ANALİZ!AY33 -> 7 | E31: =ANALİZ!AZ33 -> 130.49917 | F31: =$E$28-E31 -> 55.414628 | G31: =IF(ROWS($G$28:G31)>5,"X",IF(ROW()=6,"KÜÇÜK",IF($E$28-E31<=20,"KÜÇÜK",IF($E$28-E31<=50,"ORTA",IF($E$28-E31<=57,"BÜYÜK","X"))))) -> BÜYÜK | I31: =IF($G31="Küçük",$D31,"") | J31: =IF($G31="Orta",$D31,"") | K31: =IF($G31="Büyük",$D31,"") -> 7
B32: 5 | C32: ÖZTAMER KG K | D32: =ANALİZ!AY34 -> 2 | E32: =ANALİZ!AZ34 -> 128.84457 | F32: =$E$28-E32 -> 57.069223 | G32: =IF(ROWS($G$28:G32)>5,"X",IF(ROW()=6,"KÜÇÜK",IF($E$28-E32<=20,"KÜÇÜK",IF($E$28-E32<=50,"ORTA",IF($E$28-E32<=57,"BÜYÜK","X"))))) -> X | I32: =IF($G32="Küçük",$D32,"") | J32: =IF($G32="Orta",$D32,"") | K32: =IF($G32="Büyük",$D32,"")
B33: 6 | C33: UTKAN KG K | D33: =ANALİZ!AY35 -> 3 | E33: =ANALİZ!AZ35 -> 72.106503 | F33: =$E$28-E33 -> 113.80729 | G33: =IF(ROWS($G$28:G33)>5,"X",IF(ROW()=6,"KÜÇÜK",IF($E$28-E33<=20,"KÜÇÜK",IF($E$28-E33<=50,"ORTA",IF($E$28-E33<=57,"BÜYÜK","X"))))) -> X
B34: 7 | C34: YİĞİT BOYRAZ KG DB SK | D34: =ANALİZ!AY36 -> 1 | E34: =ANALİZ!AZ36 -> 42.116042 | F34: =$E$28-E34 -> 143.79775 | G34: =IF(ROWS($G$28:G34)>5,"X",IF(ROW()=6,"KÜÇÜK",IF($E$28-E34<=20,"KÜÇÜK",IF($E$28-E34<=50,"ORTA",IF($E$28-E34<=57,"BÜYÜK","X"))))) -> X
B35: 8 | C35: İĞDE AĞACI KG K | D35: =ANALİZ!AY37 -> 8 | E35: =ANALİZ!AZ37 -> 30.537432 | F35: =$E$28-E35 -> 155.37636 | G35: =IF(ROWS($G$28:G35)>5,"X",IF(ROW()=6,"KÜÇÜK",IF($E$28-E35<=20,"KÜÇÜK",IF($E$28-E35<=50,"ORTA",IF($E$28-E35<=57,"BÜYÜK","X"))))) -> X
I36: KÜÇÜK | J36: ORTA | K36: BÜYÜK
C37: HAND 15 | D37: SIRA | E37: KÜÇÜK | G37: 1 | I37: SMALL | J37: MEDIUM | K37: BIG
B38: 1 | C38: HATIR SAYAN KG SK | D38: =ANALİZ!AY40 -> 3 | E38: =ANALİZ!AZ40 -> 141.66955 | G38: =IF(ROWS($G$38:G38)>5,"X",IF(ROW()=6,"KÜÇÜK",IF($E$38-E38<=20,"KÜÇÜK",IF($E$38-E38<=50,"ORTA",IF($E$38-E38<=57,"BÜYÜK","X"))))) -> KÜÇÜK | I38: =IF($G38="Küçük",$D38,"") -> 3 | J38: =IF($G38="Orta",$D38,"") | K38: =IF($G38="Büyük",$D38,"")
B39: 2 | C39: TILISIM SKG SK | D39: =ANALİZ!AY41 -> 4 | E39: =ANALİZ!AZ41 -> 129.82862 | F39: =$E$38-E39 -> 11.840929 | G39: =IF(ROWS($G$38:G39)>5,"X",IF(ROW()=6,"KÜÇÜK",IF($E$38-E39<=20,"KÜÇÜK",IF($E$38-E39<=50,"ORTA",IF($E$38-E39<=57,"BÜYÜK","X"))))) -> KÜÇÜK | I39: =IF($G39="Küçük",$D39,"") -> 4 | J39: =IF($G39="Orta",$D39,"") | K39: =IF($G39="Büyük",$D39,"")
B40: 3 | C40: ASİ TAHA DB SK | D40: =ANALİZ!AY42 -> 6 | E40: =ANALİZ!AZ42 -> 124.07546 | F40: =$E$38-E40 -> 17.594088 | G40: =IF(ROWS($G$38:G40)>5,"X",IF(ROW()=6,"KÜÇÜK",IF($E$38-E40<=20,"KÜÇÜK",IF($E$38-E40<=50,"ORTA",IF($E$38-E40<=57,"BÜYÜK","X"))))) -> KÜÇÜK | I40: =IF($G40="Küçük",$D40,"") -> 6 | J40: =IF($G40="Orta",$D40,"") | K40: =IF($G40="Büyük",$D40,"")
B41: 4 | C41: PİYANİST SKG SK | D41: =ANALİZ!AY43 -> 2 | E41: =ANALİZ!AZ43 -> 117.94833 | F41: =$E$38-E41 -> 23.721219 | G41: =IF(ROWS($G$38:G41)>5,"X",IF(ROW()=6,"KÜÇÜK",IF($E$38-E41<=20,"KÜÇÜK",IF($E$38-E41<=50,"ORTA",IF($E$38-E41<=57,"BÜYÜK","X"))))) -> ORTA | I41: =IF($G41="Küçük",$D41,"") | J41: =IF($G41="Orta",$D41,"") -> 2 | K41: =IF($G41="Büyük",$D41,"")
B42: 5 | C42: AFRAŞAH KG DB | D42: =ANALİZ!AY44 -> 7 | E42: =ANALİZ!AZ44 -> 117.32094 | F42: =$E$38-E42 -> 24.348609 | G42: =IF(ROWS($G$38:G42)>5,"X",IF(ROW()=6,"KÜÇÜK",IF($E$38-E42<=20,"KÜÇÜK",IF($E$38-E42<=50,"ORTA",IF($E$38-E42<=57,"BÜYÜK","X"))))) -> ORTA | I42: =IF($G42="Küçük",$D42,"") | J42: =IF($G42="Orta",$D42,"") -> 7 | K42: =IF($G42="Büyük",$D42,"")
B43: 6 | C43: MUTEBER KG DB SK | D43: =ANALİZ!AY45 -> 5 | E43: =ANALİZ!AZ45 -> 96.216101 | F43: =$E$38-E43 -> 45.453451 | G43: =IF(ROWS($G$38:G43)>5,"X",IF(ROW()=6,"KÜÇÜK",IF($E$38-E43<=20,"KÜÇÜK",IF($E$38-E43<=50,"ORTA",IF($E$38-E43<=57,"BÜYÜK","X"))))) -> X
B44: 7 | C44: OLİVA KG | D44: =ANALİZ!AY46 -> 8 | E44: =ANALİZ!AZ46 -> 78.521065 | F44: =$E$38-E44 -> 63.148486 | G44: =IF(ROWS($G$38:G44)>5,"X",IF(ROW()=6,"KÜÇÜK",IF($E$38-E44<=20,"KÜÇÜK",IF($E$38-E44<=50,"ORTA",IF($E$38-E44<=57,"BÜYÜK","X"))))) -> X
B45: 8 | C45: BATI RÜZGARI KG K GKR | D45: =ANALİZ!AY47 -> 1 | E45: =ANALİZ!AZ47 -> 71.084366 | F45: =$E$38-E45 -> 70.585186 | G45: =IF(ROWS($G$38:G45)>5,"X",IF(ROW()=6,"KÜÇÜK",IF($E$38-E45<=20,"KÜÇÜK",IF($E$38-E45<=50,"ORTA",IF($E$38-E45<=57,"BÜYÜK","X"))))) -> X
I46: KÜÇÜK | J46: ORTA | K46: BÜYÜK
C47: HAND 15 | D47: SIRA | E47: KÜÇÜK | G47: 1 | I47: SMALL | J47: MEDIUM | K47: BIG
B48: 1 | C48: VALERIA SKG SK | D48: =ANALİZ!AY50 -> 1 | E48: =ANALİZ!AZ50 -> 156.39365 | G48: =IF(ROWS($G$48:G48)>5,"X",IF(ROW()=6,"KÜÇÜK",IF($E$48-E48<=20,"KÜÇÜK",IF($E$48-E48<=50,"ORTA",IF($E$48-E48<=57,"BÜYÜK","X"))))) -> KÜÇÜK | I48: =IF($G48="Küçük",$D48,"") -> 1 | J48: =IF($G48="Orta",$D48,"") | K48: =IF($G48="Büyük",$D48,"")
B49: 2 | C49: SEASIDE SONG K DB | D49: =ANALİZ!AY51 -> 4 | E49: =ANALİZ!AZ51 -> 151.41696 | F49: =$E$48-E49 -> 4.9766934 | G49: =IF(ROWS($G$48:G49)>5,"X",IF(ROW()=6,"KÜÇÜK",IF($E$48-E49<=20,"KÜÇÜK",IF($E$48-E49<=50,"ORTA",IF($E$48-E49<=57,"BÜYÜK","X"))))) -> KÜÇÜK | I49: =IF($G49="Küçük",$D49,"") -> 4 | J49: =IF($G49="Orta",$D49,"") | K49: =IF($G49="Büyük",$D49,"")
B50: 3 | C50: MAKAWEE KG DB SK | D50: =ANALİZ!AY52 -> 3 | E50: =ANALİZ!AZ52 -> 100.12316 | F50: =$E$48-E50 -> 56.270494 | G50: =IF(ROWS($G$48:G50)>5,"X",IF(ROW()=6,"KÜÇÜK",IF($E$48-E50<=20,"KÜÇÜK",IF($E$48-E50<=50,"ORTA",IF($E$48-E50<=57,"BÜYÜK","X"))))) -> BÜYÜK | I50: =IF($G50="Küçük",$D50,"") | J50: =IF($G50="Orta",$D50,"") | K50: =IF($G50="Büyük",$D50,"") -> 3
B51: 4 | C51: AMELİA DB SKG SK | D51: =ANALİZ!AY53 -> 6 | E51: =ANALİZ!AZ53 -> 98.533217 | F51: =$E$48-E51 -> 57.860438 | G51: =IF(ROWS($G$48:G51)>5,"X",IF(ROW()=6,"KÜÇÜK",IF($E$48-E51<=20,"KÜÇÜK",IF($E$48-E51<=50,"ORTA",IF($E$48-E51<=57,"BÜYÜK","X"))))) -> X | I51: =IF($G51="Küçük",$D51,"") | J51: =IF($G51="Orta",$D51,"") | K51: =IF($G51="Büyük",$D51,"")
B52: 5 | C52: MY SECRET LOVE SK | D52: =ANALİZ!AY54 -> 5 | E52: =ANALİZ!AZ54 -> 84.859503 | F52: =$E$48-E52 -> 71.534152 | G52: =IF(ROWS($G$48:G52)>5,"X",IF(ROW()=6,"KÜÇÜK",IF($E$48-E52<=20,"KÜÇÜK",IF($E$48-E52<=50,"ORTA",IF($E$48-E52<=57,"BÜYÜK","X"))))) -> X | I52: =IF($G52="Küçük",$D52,"") | J52: =IF($G52="Orta",$D52,"") | K52: =IF($G52="Büyük",$D52,"")
B53: 6 | C53: ALAGİDİN KG DB SK | D53: =ANALİZ!AY55 -> 2 | E53: =ANALİZ!AZ55 -> 83.209045 | F53: =$E$48-E53 -> 73.184609 | G53: =IF(ROWS($G$48:G53)>5,"X",IF(ROW()=6,"KÜÇÜK",IF($E$48-E53<=20,"KÜÇÜK",IF($E$48-E53<=50,"ORTA",IF($E$48-E53<=57,"BÜYÜK","X"))))) -> X
B54: 7 | C54: GLOWMANE SKG SK SGKR | D54: =ANALİZ!AY56 -> 8 | E54: =ANALİZ!AZ56 -> 81.110728 | F54: =$E$48-E54 -> 75.282926 | G54: =IF(ROWS($G$48:G54)>5,"X",IF(ROW()=6,"KÜÇÜK",IF($E$48-E54<=20,"KÜÇÜK",IF($E$48-E54<=50,"ORTA",IF($E$48-E54<=57,"BÜYÜK","X"))))) -> X
B55: 8 | C55: POWER OF LAV K DB | D55: =ANALİZ!AY57 -> 7 | E55: =ANALİZ!AZ57 -> 78.397579 | F55: =$E$48-E55 -> 77.996075 | G55: =IF(ROWS($G$48:G55)>5,"X",IF(ROW()=6,"KÜÇÜK",IF($E$48-E55<=20,"KÜÇÜK",IF($E$48-E55<=50,"ORTA",IF($E$48-E55<=57,"BÜYÜK","X"))))) -> X
I56: KÜÇÜK | J56: ORTA | K56: BÜYÜK
C57: ŞARTLI 1 | D57: SIRA | E57: KÜÇÜK | G57: 1 | I57: SMALL | J57: MEDIUM | K57: BIG
B58: 1 | C58: ÇELİKOVİÇ | D58: =ANALİZ!AY60 -> 4 | E58: =ANALİZ!AZ60 -> 73.649107 | G58: =IF(ROWS($G$58:G58)>5,"X",IF(ROW()=6,"KÜÇÜK",IF($E$58-E58<=20,"KÜÇÜK",IF($E$58-E58<=50,"ORTA",IF($E$58-E58<=57,"BÜYÜK","X"))))) -> KÜÇÜK | I58: =IF($G58="Küçük",$D58,"") -> 4 | J58: =IF($G58="Orta",$D58,"") | K58: =IF($G58="Büyük",$D58,"")
B59: 2 | C59: EGEMEN TAY K | D59: =ANALİZ!AY61 -> 9 | E59: =ANALİZ!AZ61 -> 72.907827 | F59: =$E$58-E59 -> 0.74127999 | G59: =IF(ROWS($G$58:G59)>5,"X",IF(ROW()=6,"KÜÇÜK",IF($E$58-E59<=20,"KÜÇÜK",IF($E$58-E59<=50,"ORTA",IF($E$58-E59<=57,"BÜYÜK","X"))))) -> KÜÇÜK | I59: =IF($G59="Küçük",$D59,"") -> 9 | J59: =IF($G59="Orta",$D59,"") | K59: =IF($G59="Büyük",$D59,"")
B60: 3 | C60: ERSANŞAH K | D60: =ANALİZ!AY62 -> 3 | E60: =ANALİZ!AZ62 -> 67.60258 | F60: =$E$58-E60 -> 6.046527 | G60: =IF(ROWS($G$58:G60)>5,"X",IF(ROW()=6,"KÜÇÜK",IF($E$58-E60<=20,"KÜÇÜK",IF($E$58-E60<=50,"ORTA",IF($E$58-E60<=57,"BÜYÜK","X"))))) -> KÜÇÜK | I60: =IF($G60="Küçük",$D60,"") -> 3 | J60: =IF($G60="Orta",$D60,"") | K60: =IF($G60="Büyük",$D60,"")
B61: 4 | C61: GÜRBÜZ TAY | D61: =ANALİZ!AY63 -> 7 | E61: =ANALİZ!AZ63 -> 62.210989 | F61: =$E$58-E61 -> 11.438118 | G61: =IF(ROWS($G$58:G61)>5,"X",IF(ROW()=6,"KÜÇÜK",IF($E$58-E61<=20,"KÜÇÜK",IF($E$58-E61<=50,"ORTA",IF($E$58-E61<=57,"BÜYÜK","X"))))) -> KÜÇÜK | I61: =IF($G61="Küçük",$D61,"") -> 7 | J61: =IF($G61="Orta",$D61,"") | K61: =IF($G61="Büyük",$D61,"")
B62: 5 | C62: HIZLI VEYSEL KG SK | D62: =ANALİZ!AY64 -> 2 | E62: =ANALİZ!AZ64 -> 60.192236 | F62: =$E$58-E62 -> 13.456871 | G62: =IF(ROWS($G$58:G62)>5,"X",IF(ROW()=6,"KÜÇÜK",IF($E$58-E62<=20,"KÜÇÜK",IF($E$58-E62<=50,"ORTA",IF($E$58-E62<=57,"BÜYÜK","X"))))) -> KÜÇÜK | I62: =IF($G62="Küçük",$D62,"") -> 2 | J62: =IF($G62="Orta",$D62,"") | K62: =IF($G62="Büyük",$D62,"")
B63: 6 | C63: KARA ÖMER SK | D63: =ANALİZ!AY65 -> 6 | E63: =ANALİZ!AZ65 -> 56.810019 | F63: =$E$58-E63 -> 16.839088 | G63: =IF(ROWS($G$58:G63)>5,"X",IF(ROW()=6,"KÜÇÜK",IF($E$58-E63<=20,"KÜÇÜK",IF($E$58-E63<=50,"ORTA",IF($E$58-E63<=57,"BÜYÜK","X"))))) -> X
B64: 7 | C64: KRALKARINCA KG | D64: =ANALİZ!AY66 -> 8 | E64: =ANALİZ!AZ66 -> 49.107625 | F64: =$E$58-E64 -> 24.541482 | G64: =IF(ROWS($G$58:G64)>5,"X",IF(ROW()=6,"KÜÇÜK",IF($E$58-E64<=20,"KÜÇÜK",IF($E$58-E64<=50,"ORTA",IF($E$58-E64<=57,"BÜYÜK","X"))))) -> X
B65: 8 | C65: KUTSOY SK | D65: =ANALİZ!AY67 -> 5 | E65: =ANALİZ!AZ67 -> 37.993866 | F65: =$E$58-E65 -> 35.655241 | G65: =IF(ROWS($G$58:G65)>5,"X",IF(ROW()=6,"KÜÇÜK",IF($E$58-E65<=20,"KÜÇÜK",IF($E$58-E65<=50,"ORTA",IF($E$58-E65<=57,"BÜYÜK","X"))))) -> X
B66: 9 | C66: YAĞIZHANBEY KG SK | D66: =ANALİZ!AY68 -> 1 | E66: =ANALİZ!AZ68 -> 16.053369 | F66: =$E$58-E66 -> 57.595738 | G66: =IF(ROWS($G$58:G66)>5,"X",IF(ROW()=6,"KÜÇÜK",IF($E$58-E66<=20,"KÜÇÜK",IF($E$58-E66<=50,"ORTA",IF($E$58-E66<=57,"BÜYÜK","X"))))) -> X
I67: KÜÇÜK | J67: ORTA | K67: BÜYÜK
C68: HAND 16 | D68: SIRA | E68: ORTA | G68: 3 | I68: SMALL | J68: MEDIUM | K68: BIG
B69: 1 | C69: LEBRON DB SK | D69: =ANALİZ!AY71 -> 4 | E69: =ANALİZ!AZ71 -> 152.13823 | G69: =IF(ROWS($G$69:G69)>5,"X",IF(ROW()=6,"KÜÇÜK",IF($E$69-E69<=20,"KÜÇÜK",IF($E$69-E69<=50,"ORTA",IF($E$69-E69<=57,"BÜYÜK","X"))))) -> KÜÇÜK | I69: =IF($G69="Küçük",$D69,"") -> 4 | J69: =IF($G69="Orta",$D69,"") | K69: =IF($G69="Büyük",$D69,"")
B70: 2 | C70: CATCH THE STARS SK | D70: =ANALİZ!AY72 -> 6 | E70: =ANALİZ!AZ72 -> 133.81542 | F70: =$E$69-E70 -> 18.322813 | G70: =IF(ROWS($G$69:G70)>5,"X",IF(ROW()=6,"KÜÇÜK",IF($E$69-E70<=20,"KÜÇÜK",IF($E$69-E70<=50,"ORTA",IF($E$69-E70<=57,"BÜYÜK","X"))))) -> KÜÇÜK | I70: =IF($G70="Küçük",$D70,"") -> 6 | J70: =IF($G70="Orta",$D70,"") | K70: =IF($G70="Büyük",$D70,"")
B71: 3 | C71: FİÇİÇİÇU KG SK | D71: =ANALİZ!AY73 -> 2 | E71: =ANALİZ!AZ73 -> 124.86922 | F71: =$E$69-E71 -> 27.269017 | G71: =IF(ROWS($G$69:G71)>5,"X",IF(ROW()=6,"KÜÇÜK",IF($E$69-E71<=20,"KÜÇÜK",IF($E$69-E71<=50,"ORTA",IF($E$69-E71<=57,"BÜYÜK","X"))))) -> ORTA | I71: =IF($G71="Küçük",$D71,"") | J71: =IF($G71="Orta",$D71,"") -> 2 | K71: =IF($G71="Büyük",$D71,"")
B72: 4 | C72: EL TRANSCANTABRICO SK | D72: =ANALİZ!AY74 -> 3 | E72: =ANALİZ!AZ74 -> 118.70256 | F72: =$E$69-E72 -> 33.435674 | G72: =IF(ROWS($G$69:G72)>5,"X",IF(ROW()=6,"KÜÇÜK",IF($E$69-E72<=20,"KÜÇÜK",IF($E$69-E72<=50,"ORTA",IF($E$69-E72<=57,"BÜYÜK","X"))))) -> ORTA | I72: =IF($G72="Küçük",$D72,"") | J72: =IF($G72="Orta",$D72,"") -> 3 | K72: =IF($G72="Büyük",$D72,"")
B73: 5 | C73: ÇAKIRLAR DB SK | D73: =ANALİZ!AY75 -> 5 | E73: =ANALİZ!AZ75 -> 71.879602 | F73: =$E$69-E73 -> 80.25863 | G73: =IF(ROWS($G$69:G73)>5,"X",IF(ROW()=6,"KÜÇÜK",IF($E$69-E73<=20,"KÜÇÜK",IF($E$69-E73<=50,"ORTA",IF($E$69-E73<=57,"BÜYÜK","X"))))) -> X | I73: =IF($G73="Küçük",$D73,"") | J73: =IF($G73="Orta",$D73,"") | K73: =IF($G73="Büyük",$D73,"")
B74: 6 | C74: GIATRES SKG SK | D74: =ANALİZ!AY76 -> 1 | E74: =ANALİZ!AZ76 -> 69.573005 | F74: =$E$69-E74 -> 82.565227 | G74: =IF(ROWS($G$69:G74)>5,"X",IF(ROW()=6,"KÜÇÜK",IF($E$69-E74<=20,"KÜÇÜK",IF($E$69-E74<=50,"ORTA",IF($E$69-E74<=57,"BÜYÜK","X"))))) -> X
